event,model,n,rate,brier,logloss,auc,share_err
Bond 2020,constant,38,0.13157894736842105,0.15214857295940393,0.4902843313147191,0.5,0.19463464486458878
Bond 2020,home_curve,38,0.13157894736842105,0.14244549637517218,0.46437453857331923,0.3181818181818182,0.1327578538860669
Bond 2020,commercial_only,38,0.13157894736842105,0.13232992268248073,0.43626644034653667,0.4696969696969697,0.10004060983303778
Bond 2020,gbm_joint,38,0.13157894736842105,0.13427119374395222,0.4320032953265783,0.4878787878787879,0.10920890519487073
Bond 2020,joint_shared_slopes,38,0.13157894736842105,0.12195044061126072,0.40370926005425006,0.5545454545454546,0.07929561404517385
Bond 2020,wildfirevuln,38,0.13157894736842105,0.11849173522489426,0.396236377502516,0.5363636363636364,0.051899141400383875
CZU Lightning Cmplx 2020,constant,353,0.5042492917847026,0.28608661487258,0.7707315790098619,0.5,0.19001229263721747
CZU Lightning Cmplx 2020,home_curve,353,0.5042492917847026,0.28658783536406873,0.7850708207696039,0.5529855537720706,0.20751011679393333
CZU Lightning Cmplx 2020,commercial_only,353,0.5042492917847026,0.2609611501473018,0.7182406245832641,0.7303210272873194,0.20114281295715253
CZU Lightning Cmplx 2020,gbm_joint,353,0.5042492917847026,0.2669373414495186,0.738623235313141,0.6403531300160514,0.182601230463322
CZU Lightning Cmplx 2020,joint_shared_slopes,353,0.5042492917847026,0.2997109726966933,0.8196504495635055,0.582263242375602,0.24745332046599006
CZU Lightning Cmplx 2020,wildfirevuln,353,0.5042492917847026,0.2874875262232293,0.7840760702829772,0.7023916532905297,0.24823882402847325
Caldor 2021,constant,191,0.10471204188481675,0.1454099613459078,0.47668298671953807,0.5,0.22729393123613906
Caldor 2021,home_curve,191,0.10471204188481675,0.11827477167800492,0.40491980233270747,0.650438596491228,0.16351716682738288
Caldor 2021,commercial_only,191,0.10471204188481675,0.13785174166530506,0.4444190229140453,0.6219298245614034,0.1907023131710358
Caldor 2021,gbm_joint,191,0.10471204188481675,0.156764441646326,0.4859843790725336,0.6074561403508772,0.21296733964952513
Caldor 2021,joint_shared_slopes,191,0.10471204188481675,0.11027644250917672,0.3811107750775854,0.6456140350877193,0.13143203060702435
Caldor 2021,wildfirevuln,191,0.10471204188481675,0.13320556849168905,0.4304827094210041,0.5961988304093567,0.16233585817694596
Camp 2018,constant,1132,0.4823321554770318,0.286674967520009,0.7743518070958896,0.5,0.1923203583869807
Camp 2018,home_curve,1132,0.4823321554770318,0.2990465753333953,0.8136691513744254,0.5044834289714835,0.21911806352713642
Camp 2018,commercial_only,1132,0.4823321554770318,0.2663586589127448,0.7320294719466959,0.6284426608658691,0.17233313046979776
Camp 2018,gbm_joint,1132,0.4823321554770318,0.2750897719346199,0.754685416081589,0.5938988485916814,0.15947639942998265
Camp 2018,joint_shared_slopes,1132,0.4823321554770318,0.2876078989840991,0.7848342874601714,0.5612552976034204,0.20673151013101893
Camp 2018,wildfirevuln,1132,0.4823321554770318,0.2809212494993144,0.7706764540977641,0.6182381327432522,0.20610973938620403
Carr 2018,constant,50,0.44,0.2598346440184981,0.7151112604497432,0.5,0.11590791180285342
Carr 2018,home_curve,50,0.44,0.2852371702508046,0.7857935492714945,0.5081168831168832,0.20181865759036846
Carr 2018,commercial_only,50,0.44,0.2959530649668385,0.821223632010088,0.6314935064935064,0.24982852806933192
Carr 2018,gbm_joint,50,0.44,0.30973810471622737,0.8915079207920726,0.5211038961038962,0.24027407621209051
Carr 2018,joint_shared_slopes,50,0.44,0.30832601281446265,0.8682525206453237,0.6347402597402597,0.2720152666527656
Carr 2018,wildfirevuln,50,0.44,0.3163290843900204,0.890638701404655,0.599025974025974,0.27693451868150243
Creek 2020,constant,342,0.23391812865497075,0.18849506056902082,0.5662770905200406,0.5,0.09640862423815383
Creek 2020,home_curve,342,0.23391812865497075,0.17751788467281088,0.5421425727306712,0.6648377862595419,0.07498491110902966
Creek 2020,commercial_only,342,0.23391812865497075,0.1750792831306889,0.5303901955949855,0.6118320610687022,0.026103039269721462
Creek 2020,gbm_joint,342,0.23391812865497075,0.21210216607820712,0.6127423200603469,0.5145276717557252,0.06467927119743544
Creek 2020,joint_shared_slopes,342,0.23391812865497075,0.17673427238030506,0.5366215766253437,0.5865458015267175,0.0007104049722873873
Creek 2020,wildfirevuln,342,0.23391812865497075,0.17659599935094664,0.5349400644921438,0.5722328244274809,0.004211758968579088
Dixie 2021,constant,330,0.4636363636363636,0.27010506228250136,0.7369716761050836,0.5,0.14638092885375492
Dixie 2021,home_curve,330,0.4636363636363636,0.26071963658597797,0.723311645193012,0.6804770872567482,0.1847375162514197
Dixie 2021,commercial_only,330,0.4636363636363636,0.23985598147168574,0.6677557312053282,0.7766330637716481,0.17282044805223684
Dixie 2021,gbm_joint,330,0.4636363636363636,0.24126452419054392,0.695699587732333,0.6836712085964329,0.14361584734335148
Dixie 2021,joint_shared_slopes,330,0.4636363636363636,0.267978971662092,0.7350674516577826,0.7476828772940438,0.22672040160179965
Dixie 2021,wildfirevuln,330,0.4636363636363636,0.25440125271481884,0.7015356540880443,0.804660093792696,0.22269035895399475
Eaton 2025,constant,531,0.3163841807909605,0.21637447034932777,0.6243180149437686,0.5,0.009446661480887575
Eaton 2025,home_curve,531,0.3163841807909605,0.19989251378246142,0.5830375291502414,0.6875573921028466,0.03380277919107666
Eaton 2025,commercial_only,531,0.3163841807909605,0.21064040235509873,0.6068392856035465,0.6413649481831298,0.04013117278354672
Eaton 2025,gbm_joint,531,0.3163841807909605,0.23180699032019592,0.6666521083595519,0.6724058769513316,0.13160315618984286
Eaton 2025,joint_shared_slopes,531,0.3163841807909605,0.20457936509538122,0.5947850662305036,0.6706677161222616,0.04779440017794828
Eaton 2025,wildfirevuln,531,0.3163841807909605,0.20914303317584512,0.6060175717723827,0.6462022825659189,0.01893531321313241
Glass 2020,constant,783,0.47381864623243936,0.2782930584926826,0.7552113248976028,0.5,0.17023078974669886
Glass 2020,home_curve,783,0.47381864623243936,0.16110156905545328,0.49849193042302226,0.8983428414413943,0.1094452581688023
Glass 2020,commercial_only,783,0.47381864623243936,0.1519614828850473,0.4766336260614266,0.8998639206552743,0.11082716436938977
Glass 2020,gbm_joint,783,0.47381864623243936,0.1519722255876883,0.4752888648630175,0.8844405045403396,0.09178776816185391
Glass 2020,joint_shared_slopes,783,0.47381864623243936,0.16973379974862607,0.5155158795225853,0.9055884123204145,0.1550566230899188
Glass 2020,wildfirevuln,783,0.47381864623243936,0.16065534451228417,0.4953872407480285,0.896972234579855,0.14668275049898183
Kincade 2019,constant,94,0.11702127659574468,0.14793086837631375,0.4816374712535824,0.5,0.21119557513515008
Kincade 2019,home_curve,94,0.11702127659574468,0.1291937589456804,0.43816903381318606,0.6856516976998905,0.16361653887404243
Kincade 2019,commercial_only,94,0.11702127659574468,0.10770811551700814,0.37650328599523447,0.6856516976998904,0.10046907386378551
Kincade 2019,gbm_joint,94,0.11702127659574468,0.11351643541151281,0.3875533636624564,0.6790799561883899,0.10377090573419853
Kincade 2019,joint_shared_slopes,94,0.11702127659574468,0.11298487404909664,0.3912377252616372,0.6725082146768894,0.11309541291272512
Kincade 2019,wildfirevuln,94,0.11702127659574468,0.10545697077891562,0.3658266031228796,0.6670317634173055,0.06835325089047581
LNU Lightning Cmplx 2020,constant,204,0.11764705882352941,0.1497785073871173,0.48577699988842354,0.5,0.2144114712729123
LNU Lightning Cmplx 2020,home_curve,204,0.11764705882352941,0.13199342464166725,0.4451841271269224,0.4778935185185185,0.14985956493332955
LNU Lightning Cmplx 2020,commercial_only,204,0.11764705882352941,0.10921514775841049,0.3785604339896937,0.5806712962962963,0.07062442372933475
LNU Lightning Cmplx 2020,gbm_joint,204,0.11764705882352941,0.11650838827925906,0.3969225637318829,0.5111111111111111,0.05812012356093177
LNU Lightning Cmplx 2020,joint_shared_slopes,204,0.11764705882352941,0.11391577947375162,0.39871763316831754,0.4869212962962963,0.06246674960436413
LNU Lightning Cmplx 2020,wildfirevuln,204,0.11764705882352941,0.10644692686767901,0.37035409630007216,0.564699074074074,0.039767723779848496
North Complex 2020,constant,113,0.6106194690265486,0.32237540878883747,0.8462804782183205,0.5,0.29088154928862897
North Complex 2020,home_curve,113,0.6106194690265486,0.3343930070637939,0.8846722624569228,0.7076745718050065,0.3398090754872058
North Complex 2020,commercial_only,113,0.6106194690265486,0.34695906761268364,0.9273610811903947,0.7104743083003953,0.36861463044467313
North Complex 2020,gbm_joint,113,0.6106194690265486,0.3855264857539141,1.1235478896131719,0.6162714097496707,0.3993813747219549
North Complex 2020,joint_shared_slopes,113,0.6106194690265486,0.3724935517278249,1.0078809703754943,0.6972990777338604,0.3967108206504397
North Complex 2020,wildfirevuln,113,0.6106194690265486,0.3866064836305199,1.048553859620191,0.6977931488801054,0.4155959266707287
Palisades 2025,constant,416,0.3894230769230769,0.24253599659643899,0.679069267528005,0.5,0.0690163206321428
Palisades 2025,home_curve,416,0.3894230769230769,0.21445759779193704,0.6125839142280493,0.7758821813939925,0.10470323080992983
Palisades 2025,commercial_only,416,0.3894230769230769,0.19954899758218733,0.5787240388072195,0.7909740449110528,0.09387103513515166
Palisades 2025,gbm_joint,416,0.3894230769230769,0.18885029368915296,0.5638548999552859,0.7690288713910761,0.05746123963062444
Palisades 2025,joint_shared_slopes,416,0.3894230769230769,0.22599862507420243,0.6398775777936065,0.7865023816467386,0.16796728801163185
Palisades 2025,wildfirevuln,416,0.3894230769230769,0.21170185853044493,0.6078509085139069,0.7752260134149898,0.13998115343518897
Park 2024,constant,80,0.1375,0.1546816786730229,0.4956589451081707,0.5,0.18996823069403718
Park 2024,home_curve,80,0.1375,0.14002427667845924,0.457853680929954,0.4571805006587615,0.11564773466997319
Park 2024,commercial_only,80,0.1375,0.13739671388432914,0.4536390914634881,0.404479578392622,0.07519450640322389
Park 2024,gbm_joint,80,0.1375,0.13260010489621957,0.4317413279195826,0.5428194993412385,0.05865941150984966
Park 2024,joint_shared_slopes,80,0.1375,0.1275503164253196,0.43252665560821557,0.4848484848484849,0.04671695677609791
Park 2024,wildfirevuln,80,0.1375,0.12520631704936347,0.4245437491557672,0.4822134387351778,0.029750754144633323
TCU Complex 2025,constant,31,0.16129032258064516,0.1623538359043292,0.5115590924639928,0.5,0.16455419010724884
TCU Complex 2025,home_curve,31,0.16129032258064516,0.12288222183806773,0.40919648182928925,0.8769230769230769,0.10243486679416705
TCU Complex 2025,commercial_only,31,0.16129032258064516,0.13091210188296204,0.4265395936740673,0.8461538461538463,0.11010680505351936
TCU Complex 2025,gbm_joint,31,0.16129032258064516,0.1549064136483687,0.4787856265028837,0.6461538461538462,0.14586619483609178
TCU Complex 2025,joint_shared_slopes,31,0.16129032258064516,0.11916570417324182,0.3912595409462455,0.8538461538461538,0.07221820718147698
TCU Complex 2025,wildfirevuln,31,0.16129032258064516,0.11137113424475817,0.373837299384907,0.9538461538461538,0.06743950017459302
Woolsey 2018,constant,107,0.8878504672897196,0.4275356579777496,1.0676101902304325,0.5,0.5726811005739613
Woolsey 2018,home_curve,107,0.8878504672897196,0.4741590420683524,1.186716831256029,0.8377192982456141,0.6214416796909517
Woolsey 2018,commercial_only,107,0.8878504672897196,0.4971750303594909,1.2533027467422277,0.868421052631579,0.6401091133178128
Woolsey 2018,gbm_joint,107,0.8878504672897196,0.4815388367585096,1.245105967199173,0.8087719298245614,0.6239464850250509
Woolsey 2018,joint_shared_slopes,107,0.8878504672897196,0.5063091068938186,1.276150144369746,0.862280701754386,0.6482818059210677
Woolsey 2018,wildfirevuln,107,0.8878504672897196,0.5357284585358042,1.3646210716222746,0.8728070175438597,0.6687507362756613
