event,n,rate,pred,lo80,hi80
Bond 2020,38,0.13157894736842105,0.18347808876880492,0.02286477837905053,0.44137176057774247
CZU Lightning Cmplx 2020,353,0.5042492917847026,0.2560104677562293,0.0371172040349116,0.5815750855580946
Caldor 2021,191,0.10471204188481675,0.2670479000617627,0.053723885458382,0.5579174745373637
Camp 2018,1132,0.4823321554770318,0.27622241609082776,0.04845179262155417,0.597090019978509
Carr 2018,50,0.44,0.16306548131849755,0.016903777642833514,0.40737571255381794
Creek 2020,342,0.23391812865497075,0.22970636968639166,0.029327053355508552,0.5402215248216143
Dixie 2021,330,0.4636363636363636,0.24094600468236888,0.03435392055375149,0.5486208621472178
Eaton 2025,531,0.3163841807909605,0.29744886757782807,0.05894901702932722,0.6104348267613935
Glass 2020,783,0.47381864623243936,0.3271358957334575,0.09600281978034482,0.6046313375499484
Kincade 2019,94,0.11702127659574468,0.1853745274862205,0.019556035605607883,0.461562056119484
LNU Lightning Cmplx 2020,204,0.11764705882352941,0.1574147826033779,0.014876172458438728,0.4003020301516852
North Complex 2020,113,0.6106194690265486,0.19502354235581992,0.02431084785105006,0.4636080595029636
Palisades 2025,416,0.3894230769230769,0.24944192348788796,0.04371470770369447,0.5404923516788256
Park 2024,80,0.1375,0.16725075414463333,0.01702082009062344,0.41812942755490196
TCU Complex 2025,31,0.16129032258064516,0.22872982275523818,0.028536965591856124,0.5393272799934029
Woolsey 2018,107,0.8878504672897196,0.2190997310140583,0.026622550475051795,0.5256576781342461
