event,k,model,brier,logloss,auc,share_err
Airport 2024,10,wildfirevuln_prior,0.3059014082428251,0.8125166755637836,0.5867665418227216,0.2514339487959237
Airport 2024,10,wildfirevuln_live,0.3591496771720617,0.9545331795770783,0.5867665418227216,0.3372163760202732
Airport 2024,10,gbm_graded_prior,0.24194564786986494,0.6776628428767137,0.6609526553346778,0.11958938222572502
Airport 2024,10,gbm_graded_recentred,0.3306736580854149,0.8953485037062688,0.6609526553346778,0.31807891587401327
Airport 2024,25,wildfirevuln_prior,0.3034792242528548,0.8083789411968907,0.5589147286821705,0.2338963411012267
Airport 2024,25,wildfirevuln_live,0.2513704325285251,0.6986546395199279,0.5589147286821705,0.025675124683468664
Airport 2024,25,gbm_graded_prior,0.2501387248811328,0.6949768535529328,0.627076411960133,0.108959291708841
Airport 2024,25,gbm_graded_recentred,0.24050366959568759,0.6745974747173071,0.627076411960133,0.05172470107631483
Airport 2024,50,wildfirevuln_prior,0.31263753722794707,0.828569244657139,0.5492957746478874,0.25535987255138254
Airport 2024,50,wildfirevuln_live,0.2617440849557621,0.7176855260836739,0.5492957746478874,0.0994525523199587
Airport 2024,50,gbm_graded_prior,0.2576743242702052,0.7112601433780538,0.610303928836175,0.13040307593504374
Airport 2024,50,gbm_graded_recentred,0.25419722085161783,0.703744071773759,0.610303928836175,0.11672952990474372
Airport 2024,100,wildfirevuln_prior,0.31131510208981134,0.8274611970613949,0.5309973045822103,0.23448443448606338
Airport 2024,100,wildfirevuln_live,0.2621242399385384,0.7227998052488768,0.5309973045822103,0.018715303380429482
Airport 2024,100,gbm_graded_prior,0.25854571580182806,0.7119039139360924,0.6037735849056604,0.12155085518850339
Airport 2024,100,gbm_graded_recentred,0.24467640490279507,0.6827119254074397,0.6037735849056604,0.03926243377098004
BEU Lightning Cmplx 2020,10,wildfirevuln_prior,0.14930036758492202,0.47879642657163946,0.5267121196702962,0.1021253875222882
BEU Lightning Cmplx 2020,10,wildfirevuln_live,0.1383622264251033,0.45135411758561733,0.5267121196702962,0.0012700481813053
BEU Lightning Cmplx 2020,10,gbm_graded_prior,0.18955631539607576,0.5662402904849242,0.4852956141243513,0.19714025100922875
BEU Lightning Cmplx 2020,10,gbm_graded_recentred,0.141696472959827,0.46644452489967364,0.4852956141243513,0.016788327494428462
BEU Lightning Cmplx 2020,25,wildfirevuln_prior,0.15107213587937698,0.4827371418261439,0.5300005410377103,0.09883111104858613
BEU Lightning Cmplx 2020,25,wildfirevuln_live,0.1425774175899706,0.46834707410099047,0.5300005410377103,0.0486087072058366
BEU Lightning Cmplx 2020,25,gbm_graded_prior,0.191190889962795,0.5697150139679656,0.4858518638749121,0.19397183188050368
BEU Lightning Cmplx 2020,25,gbm_graded_recentred,0.1459325179536458,0.4896890092124468,0.4858518638749121,0.06061718192112242
BEU Lightning Cmplx 2020,50,wildfirevuln_prior,0.15759055542344103,0.4972804663990153,0.5198136572709046,0.08787807350158636
BEU Lightning Cmplx 2020,50,wildfirevuln_live,0.16006677226820967,0.5489353590616846,0.5198136572709046,0.1106780971601249
BEU Lightning Cmplx 2020,50,gbm_graded_prior,0.1965369367337818,0.5815098343916061,0.47768015096119826,0.18410053524510342
BEU Lightning Cmplx 2020,50,gbm_graded_recentred,0.16363645821295775,0.5890459214604468,0.47768015096119826,0.12255157569116476
BEU Lightning Cmplx 2020,100,wildfirevuln_prior,0.15213659064103505,0.4858914362286118,0.5085034013605443,0.09577169708888361
BEU Lightning Cmplx 2020,100,wildfirevuln_live,0.14268693050084072,0.46621228776939344,0.5085034013605443,0.0242921555625156
BEU Lightning Cmplx 2020,100,gbm_graded_prior,0.19094403959426898,0.5703861232371678,0.4545918367346939,0.18904013568986155
BEU Lightning Cmplx 2020,100,gbm_graded_recentred,0.14550371988384556,0.48220131629816754,0.4545918367346939,0.03137104702689067
BEU Lightning Cmplx 2020,200,wildfirevuln_prior,0.1561863812258483,0.49585585682125,0.42018312101910826,0.10131553591182718
BEU Lightning Cmplx 2020,200,wildfirevuln_live,0.1453259800676868,0.4739984652008526,0.42018312101910826,0.0018745233821008955
BEU Lightning Cmplx 2020,200,gbm_graded_prior,0.19686275849353788,0.5836572067569026,0.4120222929936306,0.19876077820042043
BEU Lightning Cmplx 2020,200,gbm_graded_recentred,0.14639843580346604,0.4828459652626057,0.4120222929936306,0.004361326226099499
Beckwourth 2021,10,wildfirevuln_prior,0.2158865662077436,0.6170490407447473,0.7376907073509016,0.09173715907021723
Beckwourth 2021,10,wildfirevuln_live,0.20446974889084998,0.5931425215770413,0.7376907073509016,0.04636675064286583
Beckwourth 2021,10,gbm_graded_prior,0.20778309786217677,0.6017937673774669,0.6998959778085992,0.03502578413807633
Beckwourth 2021,10,gbm_graded_recentred,0.20673696058879304,0.5993872588750384,0.6998959778085992,0.014468344620400864
Beckwourth 2021,25,wildfirevuln_prior,0.21934098593459767,0.6246061040727023,0.7421153846153846,0.10259407128414133
Beckwourth 2021,25,wildfirevuln_live,0.22390220262137855,0.6362153029949127,0.7421153846153846,0.13587060120634026
Beckwourth 2021,25,gbm_graded_prior,0.2079794738477388,0.6021740979216873,0.7050320512820513,0.024405714179409066
Beckwourth 2021,25,gbm_graded_recentred,0.22226247794671955,0.6366400720411716,0.7050320512820513,0.11680765998528908
Beckwourth 2021,50,wildfirevuln_prior,0.2247037794628133,0.6363389471659925,0.7402212872058596,0.11655930717280288
Beckwourth 2021,50,wildfirevuln_live,0.23006761842187903,0.650493948043693,0.7402212872058596,0.1506429908202852
Beckwourth 2021,50,gbm_graded_prior,0.2097671537609359,0.6063504924521514,0.703015427769986,0.0061523272874088875
Beckwourth 2021,50,gbm_graded_recentred,0.2366927600451055,0.6724011252539942,0.703015427769986,0.1565118675422976
Beckwourth 2021,100,wildfirevuln_prior,0.21030983692092375,0.6026059168367879,0.773685580426861,0.09211729434267008
Beckwourth 2021,100,wildfirevuln_live,0.1923786091060373,0.5663080096216337,0.773685580426861,0.013052384787896443
Beckwourth 2021,100,gbm_graded_prior,0.1952099915420756,0.5747211218381605,0.7464862051015096,0.029422784330755403
Beckwourth 2021,100,gbm_graded_recentred,0.19530322194325142,0.5731350809084557,0.7464862051015096,0.013988618589266089
Beckwourth 2021,200,wildfirevuln_prior,0.25262048763641093,0.6944749189836704,0.7314024390243903,0.17932850480778612
Beckwourth 2021,200,wildfirevuln_live,0.22411918747042553,0.6343463122780387,0.7314024390243903,0.10827032408006626
Beckwourth 2021,200,gbm_graded_prior,0.21860138145708993,0.6254827869453524,0.6960365853658537,0.030159490663655475
Beckwourth 2021,200,gbm_graded_recentred,0.22886162541687516,0.6446174894176175,0.6960365853658537,0.09660315494718646
Borel 2024,10,wildfirevuln_prior,0.25668651022193917,0.7084993548991608,0.6733704146363887,0.16083429861388687
Borel 2024,10,wildfirevuln_live,0.2278351329491555,0.6473893038290867,0.6733704146363887,0.008475624378053048
Borel 2024,10,gbm_graded_prior,0.2231160353391166,0.6381551754526116,0.6973889859336213,0.02543696653254829
Borel 2024,10,gbm_graded_recentred,0.22602258905695377,0.6437930773048598,0.6973889859336213,0.056722404607862986
Borel 2024,25,wildfirevuln_prior,0.25263323750245686,0.700197831835311,0.66670926190963,0.14638726053621026
Borel 2024,25,wildfirevuln_live,0.25009993697412675,0.6950735072226486,0.66670926190963,0.14434287771886017
Borel 2024,25,gbm_graded_prior,0.22458607370388034,0.6412411928822607,0.6873849928439991,0.011892458994805954
Borel 2024,25,gbm_graded_recentred,0.2617852444399204,0.722679707453657,0.6873849928439991,0.18845865583622085
Borel 2024,50,wildfirevuln_prior,0.25272466096096,0.7006696580657998,0.6590292339953127,0.14373270768239949
Borel 2024,50,wildfirevuln_live,0.2373774592058694,0.6674973996713229,0.6590292339953127,0.08426006353795601
Borel 2024,50,gbm_graded_prior,0.2258390753612504,0.6439617528226108,0.6816023189835942,0.012599784672006065
Borel 2024,50,gbm_graded_recentred,0.2341105593208015,0.6609185240931695,0.6816023189835942,0.08871047343173633
Borel 2024,100,wildfirevuln_prior,0.26820028668666873,0.7346761017936406,0.6632176234979973,0.19175380601456293
Borel 2024,100,wildfirevuln_live,0.23887903407688796,0.6716059703089317,0.6632176234979973,0.09935745719263794
Borel 2024,100,gbm_graded_prior,0.23073398571836637,0.654739555316508,0.6749475491131031,0.06138782896333517
Borel 2024,100,gbm_graded_recentred,0.23737984718992486,0.6695824822587344,0.6749475491131031,0.10229527279703549
Borel 2024,200,wildfirevuln_prior,0.2731018886588617,0.7462664761179537,0.7144167278063097,0.21861087702009563
Borel 2024,200,wildfirevuln_live,0.22867669614689445,0.6518653819751277,0.7144167278063097,0.08821542718566577
Borel 2024,200,gbm_graded_prior,0.22298475723304337,0.6386770197911199,0.7131327953044754,0.08675095938353045
Borel 2024,200,gbm_graded_recentred,0.22362201785465532,0.6400706914214346,0.7131327953044754,0.09033093791024382
Bridge 2024,10,wildfirevuln_prior,0.1330000069004041,0.4397052602904937,0.4218509984639017,0.2027999741307026
Bridge 2024,10,wildfirevuln_live,0.08679756584816474,0.31992850453164046,0.4218509984639017,0.02501799623967893
Bridge 2024,10,gbm_graded_prior,0.17923612207098896,0.5415598371720006,0.5027156023699803,0.27916835763171033
Bridge 2024,10,gbm_graded_recentred,0.08375969362581799,0.3174864314230629,0.5027156023699803,0.004613134767343999
Bridge 2024,25,wildfirevuln_prior,0.13457761092933365,0.44318185318392406,0.4208148653256052,0.2003393113644098
Bridge 2024,25,wildfirevuln_live,0.08677372654945716,0.3340100722284643,0.4208148653256052,0.031789848526601015
Bridge 2024,25,gbm_graded_prior,0.18031008179580177,0.5440738502214828,0.5033810660302307,0.27661335081900024
Bridge 2024,25,gbm_graded_recentred,0.08765156609053334,0.37864988113468795,0.5033810660302307,0.0656336748827967
Bridge 2024,50,wildfirevuln_prior,0.1358202817474439,0.4457577805186609,0.42672830553541213,0.1934335785698488
Bridge 2024,50,wildfirevuln_live,0.09278384890619247,0.38683653001592533,0.42672830553541213,0.0657458702943129
Bridge 2024,50,gbm_graded_prior,0.18046404633838897,0.5444694624816512,0.5072214164853758,0.2697191348495914
Bridge 2024,50,gbm_graded_recentred,0.09457682526286271,0.471198284203062,0.5072214164853758,0.08592476898386493
Bridge 2024,100,wildfirevuln_prior,0.1311511581642973,0.43507209856454504,0.4409920634920635,0.19014114086434325
Bridge 2024,100,wildfirevuln_live,0.08860660633572347,0.3396893587990756,0.4409920634920635,0.03474395612159382
Bridge 2024,100,gbm_graded_prior,0.17465413675872904,0.5317432917398948,0.528531746031746,0.2671223869597978
Bridge 2024,100,gbm_graded_recentred,0.08720585948051589,0.3351359177440702,0.528531746031746,0.03422333427545838
Bridge 2024,200,wildfirevuln_prior,0.1454748949084711,0.46682745675135623,0.4202048947068867,0.16292692816340992
Bridge 2024,200,wildfirevuln_live,0.11654607536868973,0.4620580339624195,0.4202048947068867,0.08421735537299044
Bridge 2024,200,gbm_graded_prior,0.18754048592352085,0.5601617347565468,0.5104723961297667,0.24288086101186823
Bridge 2024,200,gbm_graded_recentred,0.11546170001663822,0.4599767784340204,0.5104723961297667,0.08408661358670545
CZU Lightning Cmplx 2020,10,wildfirevuln_prior,0.19907500296574093,0.5876649955985935,0.5777643046847611,0.005428002680381017
CZU Lightning Cmplx 2020,10,wildfirevuln_live,0.2129752819007601,0.6370714170355884,0.5777643046847611,0.1198144921998347
CZU Lightning Cmplx 2020,10,gbm_graded_prior,0.22061880105540177,0.6323979250321069,0.5831652576244639,0.10677311527265942
CZU Lightning Cmplx 2020,10,gbm_graded_recentred,0.22260485372326938,0.6773289978766633,0.5831652576244639,0.1412276437843732
CZU Lightning Cmplx 2020,25,wildfirevuln_prior,0.19875655513526744,0.5869554502855354,0.5790941393117044,0.006133066443423485
CZU Lightning Cmplx 2020,25,wildfirevuln_live,0.201345221256146,0.5928281023041829,0.5790941393117044,0.034122253265928604
CZU Lightning Cmplx 2020,25,gbm_graded_prior,0.22044911818187116,0.6319137307606473,0.58371972857868,0.10773493952599766
CZU Lightning Cmplx 2020,25,gbm_graded_recentred,0.21185349034557005,0.613163232944205,0.58371972857868,0.060414881240338
CZU Lightning Cmplx 2020,50,wildfirevuln_prior,0.1996827154696413,0.5890158413504858,0.5772505662670571,0.004589139245856855
CZU Lightning Cmplx 2020,50,wildfirevuln_live,0.206030326525646,0.6112794673434697,0.5772505662670571,0.07956180114216893
CZU Lightning Cmplx 2020,50,gbm_graded_prior,0.2212409362602372,0.6336605592199941,0.5822592674437876,0.1064331819072526
CZU Lightning Cmplx 2020,50,gbm_graded_recentred,0.21058264814479946,0.6206562804624124,0.5822592674437876,0.06868020783314058
CZU Lightning Cmplx 2020,100,wildfirevuln_prior,0.20043562952662108,0.5906685420818094,0.576352719633597,0.0031345796400876758
CZU Lightning Cmplx 2020,100,wildfirevuln_live,0.20804438599428654,0.6173679496232904,0.576352719633597,0.0871823540854377
CZU Lightning Cmplx 2020,100,gbm_graded_prior,0.2217604377948945,0.6347806165974523,0.5816209451531095,0.10491343181625468
CZU Lightning Cmplx 2020,100,gbm_graded_recentred,0.21329025477892627,0.6303994261904996,0.5816209451531095,0.08437343776793535
CZU Lightning Cmplx 2020,200,wildfirevuln_prior,0.19981726301141947,0.5894253419202743,0.5743859389970851,0.0054445010155391715
CZU Lightning Cmplx 2020,200,wildfirevuln_live,0.20116260707194616,0.5935383656879081,0.5743859389970851,0.0010422573338413899
CZU Lightning Cmplx 2020,200,gbm_graded_prior,0.22165479677133249,0.6344501886875136,0.581522118539548,0.10684535342255419
CZU Lightning Cmplx 2020,200,gbm_graded_recentred,0.2081016644068668,0.6070970277877262,0.581522118539548,0.00624335438542345
Caldor 2021,10,wildfirevuln_prior,0.1789992638880014,0.5391513238846775,0.6088991135727444,0.05627692148751687
Caldor 2021,10,wildfirevuln_live,0.19639680125165507,0.6272626780671849,0.6088991135727444,0.14315248421117077
Caldor 2021,10,gbm_graded_prior,0.19854861214138542,0.5818870997701129,0.6406497974336276,0.14466884063572197
Caldor 2021,10,gbm_graded_recentred,0.20589221041319955,0.7086568550432298,0.6406497974336276,0.17688816508316138
Caldor 2021,25,wildfirevuln_prior,0.17929219909124022,0.5397754724545251,0.6087841584555899,0.05547319184897001
Caldor 2021,25,wildfirevuln_live,0.20087052088565505,0.6550791743304338,0.6087841584555899,0.15615455661645655
Caldor 2021,25,gbm_graded_prior,0.19867060869740116,0.5821291619184336,0.6404923384193082,0.1438144346513864
Caldor 2021,25,gbm_graded_recentred,0.20642008485607957,0.7097641755715298,0.6404923384193082,0.17732763172676994
Caldor 2021,50,wildfirevuln_prior,0.1800518454849713,0.5413876580473921,0.6083123010805004,0.05379372161220081
Caldor 2021,50,wildfirevuln_live,0.2133466422239547,0.7503316461028453,0.6083123010805004,0.187678815226896
Caldor 2021,50,gbm_graded_prior,0.19903850441317836,0.5828791927745238,0.6407455553528352,0.14205754322633296
Caldor 2021,50,gbm_graded_recentred,0.21968100779303423,0.840029525131427,0.6407455553528352,0.20527961131458636
Caldor 2021,100,wildfirevuln_prior,0.18144384324093357,0.5443009105866805,0.6084242067000687,0.05009727536374012
Caldor 2021,100,wildfirevuln_live,0.2262456509157468,0.8859249553605375,0.6084242067000687,0.21296626786443962
Caldor 2021,100,gbm_graded_prior,0.1995731286386298,0.5839215304133559,0.6421582618497319,0.13814341525441112
Caldor 2021,100,gbm_graded_recentred,0.23121670484757512,1.0048007479601555,0.6421582618497319,0.22446295627690294
Caldor 2021,200,wildfirevuln_prior,0.1839949907915131,0.5496241817473072,0.61003831512762,0.04252609505335164
Caldor 2021,200,wildfirevuln_live,0.2349339360208058,0.9500809437884139,0.61003831512762,0.22421980443663667
Caldor 2021,200,gbm_graded_prior,0.2007481307105529,0.5862467536881674,0.6432177689778098,0.13062572037629983
Caldor 2021,200,gbm_graded_recentred,0.23678289184556872,1.0054386315976662,0.6432177689778098,0.22935810297682552
Camp 2018,10,wildfirevuln_prior,0.3671100819411741,0.9513560860460303,0.6734290865113823,0.4599957586280258
Camp 2018,10,wildfirevuln_live,0.2561233469630574,0.7054600737164287,0.6734290865113823,0.31445702784573176
Camp 2018,10,gbm_graded_prior,0.31814193347305364,0.8414652384451174,0.6046106722261739,0.3867129702335433
Camp 2018,10,gbm_graded_recentred,0.31622422943338924,0.8371041407143104,0.6046106722261739,0.3842497089405828
Camp 2018,25,wildfirevuln_prior,0.36706724037509353,0.9512641238445159,0.6733845445003911,0.4598436778628891
Camp 2018,25,wildfirevuln_live,0.153048592059184,0.47873137142403166,0.6733845445003911,0.006535243591586082
Camp 2018,25,gbm_graded_prior,0.318180885294615,0.8415540970423994,0.6044571678047076,0.3866218323808475
Camp 2018,25,gbm_graded_recentred,0.15817329099881197,0.4995779506203901,0.6044571678047076,0.018589323454517248
Camp 2018,50,wildfirevuln_prior,0.36692589529415187,0.9509523129062953,0.6735391449497394,0.45957693802812366
Camp 2018,50,wildfirevuln_live,0.16195045540024067,0.511567569248795,0.6735391449497394,0.08753284719622656
Camp 2018,50,gbm_graded_prior,0.31814094387838754,0.8414637233969745,0.6044429602449198,0.38639582143637113
Camp 2018,50,gbm_graded_recentred,0.16910235089019585,0.5525657177821172,0.6044429602449198,0.1072815128765886
Camp 2018,100,wildfirevuln_prior,0.3666685137052528,0.9504104443953381,0.6735843705464386,0.45897192728651875
Camp 2018,100,wildfirevuln_live,0.17807074379365673,0.6015036331759737,0.6735843705464386,0.14440305559809175
Camp 2018,100,gbm_graded_prior,0.31801681964937556,0.8412059827424188,0.6044431146516002,0.38581697288507694
Camp 2018,100,gbm_graded_recentred,0.18563936237604375,0.6769086201788914,0.6044431146516002,0.1614869188992787
Camp 2018,200,wildfirevuln_prior,0.366052469422488,0.9490756322458505,0.6742920416716811,0.4578421945825053
Camp 2018,200,wildfirevuln_live,0.18311230488708927,0.6387974770985584,0.6742920416716811,0.15686200320950638
Camp 2018,200,gbm_graded_prior,0.317548723187496,0.8402252946104781,0.6052556893431973,0.38466274498880515
Camp 2018,200,gbm_graded_recentred,0.18738688921246954,0.6897767518746536,0.6052556893431973,0.16484108998780034
Carr 2018,10,wildfirevuln_prior,0.42453530098918846,1.0775236408531643,0.592207299036655,0.5477397946558837
Carr 2018,10,wildfirevuln_live,0.23116750441029493,0.6533429632523214,0.592207299036655,0.321667132099269
Carr 2018,10,gbm_graded_prior,0.3188595583859296,0.8464050800774361,0.5828961306311709,0.4227758898227758
Carr 2018,10,gbm_graded_recentred,0.2087508597294529,0.6023499047133514,0.5828961306311709,0.26505555688191007
Carr 2018,25,wildfirevuln_prior,0.42516549228256983,1.078947166756659,0.5915865483380582,0.5486294533929776
Carr 2018,25,wildfirevuln_live,0.1624998315770239,0.5058156199119789,0.5915865483380582,0.19004802224702377
Carr 2018,25,gbm_graded_prior,0.31897632328978637,0.846686910298422,0.583798122355068,0.4234926315015756
Carr 2018,25,gbm_graded_recentred,0.15585883136390477,0.48582543119752264,0.583798122355068,0.14908111481797037
Carr 2018,50,wildfirevuln_prior,0.4253698097709757,1.079459977406029,0.5968092684938697,0.5492300611190448
Carr 2018,50,wildfirevuln_live,0.13871347240519535,0.44975437050792055,0.5968092684938697,0.11864462100655482
Carr 2018,50,gbm_graded_prior,0.31944935944185754,0.8476127693675934,0.5891712239618204,0.4251526114436848
Carr 2018,50,gbm_graded_recentred,0.14161466180266358,0.45280667463682,0.5891712239618204,0.104053753844079
Carr 2018,100,wildfirevuln_prior,0.4270086477760543,1.083388575793607,0.5968566211345097,0.5525980121884848
Carr 2018,100,wildfirevuln_live,0.1339116821368826,0.4378577428943744,0.5968566211345097,0.107503263963447
Carr 2018,100,gbm_graded_prior,0.3227153994660094,0.8548403558346109,0.591440784481123,0.43202900587724996
Carr 2018,100,gbm_graded_recentred,0.14547635419365196,0.46172411563675314,0.591440784481123,0.12735649272353133
Carr 2018,200,wildfirevuln_prior,0.4280368055629432,1.0864698047039274,0.6095191612436732,0.5560727708524253
Carr 2018,200,wildfirevuln_live,0.12575285745841389,0.41622834131377234,0.6095191612436732,0.08177652534119162
Carr 2018,200,gbm_graded_prior,0.32449162674484966,0.8580872510430022,0.6100108459869849,0.440287774282461
Carr 2018,200,gbm_graded_recentred,0.13371507498260254,0.4322726350929482,0.6100108459869849,0.10077108989092365
Creek 2020,10,wildfirevuln_prior,0.18959217011418475,0.5695481692287754,0.5331028178226229,0.03408422510786066
Creek 2020,10,wildfirevuln_live,0.2067274614362679,0.6603735965756761,0.5331028178226229,0.1448882399285285
Creek 2020,10,gbm_graded_prior,0.21287331257771513,0.6159909411275609,0.5340717989517154,0.11926480119007674
Creek 2020,10,gbm_graded_recentred,0.22237037946676266,0.7811657451664441,0.5340717989517154,0.18935924910761645
Creek 2020,25,wildfirevuln_prior,0.18805503674422136,0.56579070804418,0.5364990135753918,0.03685704458687378
Creek 2020,25,wildfirevuln_live,0.21353576491866127,0.6207240077468141,0.5364990135753918,0.14744571956744945
Creek 2020,25,gbm_graded_prior,0.21193859089135098,0.6137881494786023,0.5358403112775567,0.12183881304402022
Creek 2020,25,gbm_graded_recentred,0.21461816904063635,0.6196494224641895,0.5358403112775567,0.13172782227419305
Creek 2020,50,wildfirevuln_prior,0.18841359245573921,0.566422811958992,0.5379821010014916,0.03620321990006936
Creek 2020,50,wildfirevuln_live,0.19369776558852253,0.5790480277799012,0.5379821010014916,0.0565574460336809
Creek 2020,50,gbm_graded_prior,0.21211266335243587,0.614139871047297,0.5364392446196462,0.12134250414195069
Creek 2020,50,gbm_graded_recentred,0.19734479603014182,0.5827698510916783,0.5364392446196462,0.04410903684044842
Creek 2020,100,wildfirevuln_prior,0.18876761160849784,0.5672121680251271,0.5392707527376397,0.034057732733070833
Creek 2020,100,wildfirevuln_live,0.18924367332564382,0.5731053992747449,0.5392707527376397,0.020038490914826207
Creek 2020,100,gbm_graded_prior,0.21269441809128672,0.6154231231368141,0.5347796992952886,0.11929731998497578
Creek 2020,100,gbm_graded_recentred,0.19451577383770555,0.581195230064781,0.5347796992952886,0.019843743198005803
Creek 2020,200,wildfirevuln_prior,0.18729763349343,0.5639871324015039,0.5436822935758351,0.03778617520492425
Creek 2020,200,wildfirevuln_live,0.18947860959814225,0.5706306988534608,0.5436822935758351,0.031709620108049924
Creek 2020,200,gbm_graded_prior,0.21072829905319854,0.6111739475856679,0.543097356865987,0.12147071503273002
Creek 2020,200,gbm_graded_recentred,0.19329597615796645,0.5749346549689528,0.543097356865987,0.014407810868013599
Dixie 2021,10,wildfirevuln_prior,0.1965880529178129,0.5759135202772974,0.7359763888102974,0.035345629617449525
Dixie 2021,10,wildfirevuln_live,0.2504608396440615,0.7364239386485874,0.7359763888102974,0.2168891855160302
Dixie 2021,10,gbm_graded_prior,0.1995736920926791,0.5892342864105249,0.7248473423016939,0.07564658083983938
Dixie 2021,10,gbm_graded_recentred,0.2899953576728116,0.9680602949687332,0.7248473423016939,0.2791845495314289
Dixie 2021,25,wildfirevuln_prior,0.19651451687618776,0.5755921491321896,0.7389333992945368,0.03643330912584636
Dixie 2021,25,wildfirevuln_live,0.22939726339751895,0.6640212386769659,0.7389333992945368,0.17565959726081543
Dixie 2021,25,gbm_graded_prior,0.1993846686019473,0.5888308570309466,0.7262232987841419,0.07454652622778757
Dixie 2021,25,gbm_graded_recentred,0.23759872173735333,0.6992289098088526,0.7262232987841419,0.18874083215743354
Dixie 2021,50,wildfirevuln_prior,0.197668848682579,0.5781515466193153,0.7383884739840298,0.03907701914437822
Dixie 2021,50,wildfirevuln_live,0.24262955563555258,0.7080197320919014,0.7383884739840298,0.20279255123102233
Dixie 2021,50,gbm_graded_prior,0.20018705255869262,0.5906265960481116,0.7250631584991244,0.07207130566742859
Dixie 2021,50,gbm_graded_recentred,0.24894536050156985,0.7399004808185864,0.7250631584991244,0.21036115486960177
Dixie 2021,100,wildfirevuln_prior,0.20005751230188867,0.5834235430544625,0.7368357874519846,0.04413173636090073
Dixie 2021,100,wildfirevuln_live,0.2506888804355868,0.7336337866856154,0.7368357874519846,0.2157333860559421
Dixie 2021,100,gbm_graded_prior,0.2019619073278442,0.5946129658077348,0.7223970337174563,0.06813792606218066
Dixie 2021,100,gbm_graded_recentred,0.2523884816743022,0.7480119037477463,0.7223970337174563,0.2137108203179519
Dixie 2021,200,wildfirevuln_prior,0.1948993112068635,0.5724533348675142,0.7233992406830199,0.02671654833900544
Dixie 2021,200,wildfirevuln_live,0.19422536504291993,0.5736643576755753,0.7233992406830199,0.0637559680259136
Dixie 2021,200,gbm_graded_prior,0.20183759464171136,0.5944470735040782,0.7127932852700545,0.08261324567011852
Dixie 2021,200,gbm_graded_recentred,0.19885390663749536,0.5870109298066088,0.7127932852700545,0.0610634847250498
Eaton 2025,10,wildfirevuln_prior,0.23095540534140027,0.6535881004494013,0.6509942500081008,0.012782558998877369
Eaton 2025,10,wildfirevuln_live,0.23866712467243226,0.6750470589721124,0.6509942500081008,0.08483015537792582
Eaton 2025,10,gbm_graded_prior,0.28598089525311243,0.8957293532139059,0.6491307719060697,0.21935827342143543
Eaton 2025,10,gbm_graded_recentred,0.2538931488787641,0.7804286903537879,0.6491307719060697,0.08962304677338617
Eaton 2025,25,wildfirevuln_prior,0.23091586116924662,0.6535147853062993,0.6512325866718424,0.013058615714336974
Eaton 2025,25,wildfirevuln_live,0.25753954712362453,0.7277855361929185,0.6512325866718424,0.16561840801193495
Eaton 2025,25,gbm_graded_prior,0.2860655442560894,0.8960525243490995,0.6493549471301938,0.21963847888992605
Eaton 2025,25,gbm_graded_recentred,0.2690580891273418,0.836856943712974,0.6493549471301938,0.1685450644146398
Eaton 2025,50,wildfirevuln_prior,0.23097140351695924,0.6536337501466141,0.6509355553243822,0.012927713526603046
Eaton 2025,50,wildfirevuln_live,0.23755033817555807,0.6724519423223404,0.6509355553243822,0.07078037555643446
Eaton 2025,50,gbm_graded_prior,0.28605941190489376,0.8962967203571086,0.6491929779813264,0.21954658375697356
Eaton 2025,50,gbm_graded_recentred,0.25313303472949505,0.7771266133774332,0.6491929779813264,0.08183274032748233
Eaton 2025,100,wildfirevuln_prior,0.23091034280898393,0.6535089899231299,0.6510411683564958,0.01272246946410116
Eaton 2025,100,wildfirevuln_live,0.23402732211829425,0.6618859545439353,0.6510411683564958,0.021650992834641558
Eaton 2025,100,gbm_graded_prior,0.28583049290018153,0.8960275094498652,0.6494084436528048,0.21926195052300834
Eaton 2025,100,gbm_graded_recentred,0.251752063573944,0.7598357253156622,0.6494084436528048,0.013159636600729718
Eaton 2025,200,wildfirevuln_prior,0.23088942509263785,0.6534859410504162,0.6508824020039012,0.012510109031526828
Eaton 2025,200,wildfirevuln_live,0.2339011134780957,0.6613079063209533,0.6508824020039012,0.01291741222066356
Eaton 2025,200,gbm_graded_prior,0.28574906971591235,0.8964200311362138,0.6491052871158606,0.21908812824406143
Eaton 2025,200,gbm_graded_recentred,0.2521489337722439,0.7600137431122854,0.6491052871158606,0.008396381352261284
Fawn 2021,10,wildfirevuln_prior,0.18138510587126563,0.5486340930073735,0.5865003538570417,0.10430465790867802
Fawn 2021,10,wildfirevuln_live,0.17831340182718516,0.558462391872488,0.5865003538570417,0.0947862780570552
Fawn 2021,10,gbm_graded_prior,0.23278157559848317,0.6621884746507419,0.6063163481953291,0.23663608034838016
Fawn 2021,10,gbm_graded_recentred,0.18580856274494234,0.606298252720409,0.6063163481953291,0.12882076792181207
Fawn 2021,25,wildfirevuln_prior,0.18519452439398212,0.5568955532074962,0.5808435525826829,0.09745112401074019
Fawn 2021,25,wildfirevuln_live,0.20063173973568155,0.6684616804010288,0.5808435525826829,0.16056248798987804
Fawn 2021,25,gbm_graded_prior,0.23683695664176166,0.6709235506282043,0.5980676328502414,0.2323134987799621
Fawn 2021,25,gbm_graded_recentred,0.21244917491715973,0.7944608769289166,0.5980676328502414,0.19246503117263553
Fawn 2021,50,wildfirevuln_prior,0.1883802061863099,0.5643169459314524,0.5745566337627571,0.09677466576024363
Fawn 2021,50,wildfirevuln_live,0.18625746681285144,0.5788625275926697,0.5745566337627571,0.09458015482958301
Fawn 2021,50,gbm_graded_prior,0.24295957097683848,0.6842790815118593,0.5809143382968045,0.23291139120466386
Fawn 2021,50,gbm_graded_recentred,0.18753038245113987,0.5884136531030194,0.5809143382968045,0.0924468589696961
Fawn 2021,100,wildfirevuln_prior,0.19217532850125899,0.5728098640375022,0.5687748783724016,0.0968871582106331
Fawn 2021,100,wildfirevuln_live,0.18364064999756988,0.5615209004142198,0.5687748783724016,0.042977183718293954
Fawn 2021,100,gbm_graded_prior,0.2505347787109373,0.7004663515775224,0.5612007961079168,0.2326796260599488
Fawn 2021,100,gbm_graded_recentred,0.18876185621660965,0.5790854973879631,0.5612007961079168,0.04467302835990489
Fawn 2021,200,wildfirevuln_prior,0.21054358407819945,0.6115499118089133,0.6198412698412699,0.005352301600451914
Fawn 2021,200,wildfirevuln_live,0.2576977599110823,0.78165652213757,0.6198412698412699,0.21448696926022426
Fawn 2021,200,gbm_graded_prior,0.23350798587122987,0.6626863662450161,0.6112599206349206,0.13395803875743156
Fawn 2021,200,gbm_graded_recentred,0.2601975037918284,0.814039559766585,0.6112599206349206,0.22200938775189896
Glass 2020,10,wildfirevuln_prior,0.18712448799588813,0.5565937583316061,0.5987313447646265,0.022293513072120408
Glass 2020,10,wildfirevuln_live,0.21740410928169226,0.692129595207303,0.5987313447646265,0.17227774190527817
Glass 2020,10,gbm_graded_prior,0.2112940717150881,0.6107652946906514,0.5943863122171945,0.11544765114535055
Glass 2020,10,gbm_graded_recentred,0.23103391751986305,0.8039920324835809,0.5943863122171945,0.2010092276047888
Glass 2020,25,wildfirevuln_prior,0.18742132973555378,0.5572640635173945,0.5990790146308541,0.021799882651605207
Glass 2020,25,wildfirevuln_live,0.20666473533735497,0.6323132845233997,0.5990790146308541,0.13757144810581923
Glass 2020,25,gbm_graded_prior,0.21141138901661452,0.6110315584095224,0.594908853688118,0.1152718744468027
Glass 2020,25,gbm_graded_recentred,0.21038145298652483,0.6493728630079831,0.594908853688118,0.1344130122540402
Glass 2020,50,wildfirevuln_prior,0.18681359382221713,0.555765488598932,0.6005096961903094,0.023019018782086287
Glass 2020,50,wildfirevuln_live,0.18809935061599523,0.5578010091626225,0.6005096961903094,0.010071212598967039
Glass 2020,50,gbm_graded_prior,0.21105815768971703,0.6102407818270086,0.5959702812514686,0.11646357562858373
Glass 2020,50,gbm_graded_recentred,0.19563856385595194,0.5765833069378228,0.5959702812514686,0.0013557016212963346
Glass 2020,100,wildfirevuln_prior,0.18635292648723728,0.5547474107119013,0.5997105658210473,0.024244927442439557
Glass 2020,100,wildfirevuln_live,0.1888260365593405,0.5586100639072878,0.5997105658210473,0.026406844472150526
Glass 2020,100,gbm_graded_prior,0.21085661468513936,0.6098059522555799,0.5966135040110879,0.1175642223122409
Glass 2020,100,gbm_graded_recentred,0.19682778843254545,0.5781919260379477,0.5966135040110879,0.03170676293275304
Glass 2020,200,wildfirevuln_prior,0.18517761765932095,0.5523580013224674,0.5914859885924822,0.028522593739588764
Glass 2020,200,wildfirevuln_live,0.19170078941700647,0.5650143714908931,0.5914859885924822,0.06311450798073337
Glass 2020,200,gbm_graded_prior,0.21003957638333226,0.6081655794295836,0.5954823592856328,0.12277588713384424
Glass 2020,200,gbm_graded_recentred,0.20118673227460782,0.5879263674050831,0.5954823592856328,0.08173217469926591
Kincade 2019,10,wildfirevuln_prior,0.14404133169361805,0.4658734455846086,0.6511314789823562,0.12749673421763147
Kincade 2019,10,wildfirevuln_live,0.14644182183578294,0.4701992690682223,0.6511314789823562,0.1337282578857148
Kincade 2019,10,gbm_graded_prior,0.1844012941276341,0.5536045484888806,0.6001118358574499,0.22546493148502428
Kincade 2019,10,gbm_graded_recentred,0.15636716417357266,0.4902910770072577,0.6001118358574499,0.15469656554751327
Kincade 2019,25,wildfirevuln_prior,0.14428874340761105,0.46648609942827857,0.6504484348054645,0.12744647810868986
Kincade 2019,25,wildfirevuln_live,0.13250708988268406,0.43299662986062126,0.6504484348054645,0.06260416678320507
Kincade 2019,25,gbm_graded_prior,0.18470139473004854,0.5543812713991485,0.5992262175694127,0.2255946937954892
Kincade 2019,25,gbm_graded_recentred,0.13539333628301406,0.438819908458896,0.5992262175694127,0.06747661334081151
Kincade 2019,50,wildfirevuln_prior,0.14366791702990245,0.46523296240261164,0.6480366740865411,0.12944199331806286
Kincade 2019,50,wildfirevuln_live,0.13320841027913466,0.4354580996533293,0.6480366740865411,0.07463046908952087
Kincade 2019,50,gbm_graded_prior,0.18435808914939436,0.5535836007242426,0.5995134100656929,0.22758833745701626
Kincade 2019,50,gbm_graded_recentred,0.13602748234726153,0.4407035081536546,0.5995134100656929,0.0791962423685714
Kincade 2019,100,wildfirevuln_prior,0.13724049364981283,0.4512067092069497,0.6470108651120106,0.1451849352229504
Kincade 2019,100,wildfirevuln_live,0.16155811295685885,0.5063934207086408,0.6470108651120106,0.20837819831995186
Kincade 2019,100,gbm_graded_prior,0.18039199654646265,0.5447095584799333,0.5982981268743548,0.2419868703754563
Kincade 2019,100,gbm_graded_recentred,0.16114801920104968,0.5016875023750818,0.5982981268743548,0.1999137769064357
Kincade 2019,200,wildfirevuln_prior,0.13927721196806384,0.4557495854950404,0.6434866128010139,0.1438331496245103
Kincade 2019,200,wildfirevuln_live,0.1300848413299387,0.4291574859520818,0.6434866128010139,0.10091880409165715
Kincade 2019,200,gbm_graded_prior,0.18305217518384545,0.5505170051692669,0.5864573431558935,0.2413040261784665
Kincade 2019,200,gbm_graded_recentred,0.13093453621284118,0.4289257269025077,0.5864573431558935,0.09555722263114358
LNU Lightning Cmplx 2020,10,wildfirevuln_prior,0.20412309215223398,0.5990705937059136,0.5688215252208856,0.005733111619371789
LNU Lightning Cmplx 2020,10,wildfirevuln_live,0.261867178005363,0.725183866536774,0.5688215252208856,0.23239461595849464
LNU Lightning Cmplx 2020,10,gbm_graded_prior,0.22914148443920984,0.6604291531470353,0.5732160055862769,0.11289163229908117
LNU Lightning Cmplx 2020,10,gbm_graded_recentred,0.32665352785338025,0.8966656947057613,0.5732160055862769,0.33946570270720955
LNU Lightning Cmplx 2020,25,wildfirevuln_prior,0.2043065036843141,0.599500286377179,0.567802757323091,0.005720466336562036
LNU Lightning Cmplx 2020,25,wildfirevuln_live,0.22118983372730025,0.6374008518495983,0.567802757323091,0.11133091704877929
LNU Lightning Cmplx 2020,25,gbm_graded_prior,0.2294413962414631,0.6611386229365831,0.5724817249843318,0.11273850110125255
LNU Lightning Cmplx 2020,25,gbm_graded_recentred,0.2341222172825042,0.6724350489996269,0.5724817249843318,0.13224042417642662
LNU Lightning Cmplx 2020,50,wildfirevuln_prior,0.2045954112198407,0.6001855763155433,0.5663220249035433,0.005120397257971032
LNU Lightning Cmplx 2020,50,wildfirevuln_live,0.20907740330723418,0.6114879328899842,0.5663220249035433,0.0256954562026408
LNU Lightning Cmplx 2020,50,gbm_graded_prior,0.22960862506941898,0.6616157447552191,0.572210850273439,0.1118757347842187
LNU Lightning Cmplx 2020,50,gbm_graded_recentred,0.21743226901051638,0.6324335245777932,0.572210850273439,0.02755667521710481
LNU Lightning Cmplx 2020,100,wildfirevuln_prior,0.20435535451591158,0.5997434721911484,0.5648520502301408,0.006309304816983552
LNU Lightning Cmplx 2020,100,wildfirevuln_live,0.21085989860408755,0.6153122906862263,0.5648520502301408,0.04610741079683761
LNU Lightning Cmplx 2020,100,gbm_graded_prior,0.22991282676322322,0.6624318053641153,0.5707455912162642,0.11287353089793067
LNU Lightning Cmplx 2020,100,gbm_graded_recentred,0.2186816043647794,0.6352911151649605,0.5707455912162642,0.041936463780434974
LNU Lightning Cmplx 2020,200,wildfirevuln_prior,0.20353375154704484,0.5980484969582254,0.5622540613002813,0.009280511504613953
LNU Lightning Cmplx 2020,200,wildfirevuln_live,0.21200337698746827,0.617957350485953,0.5622540613002813,0.06062863163897364
LNU Lightning Cmplx 2020,200,gbm_graded_prior,0.22974378224277858,0.6623198542756489,0.5697237905830279,0.11652746132237946
LNU Lightning Cmplx 2020,200,gbm_graded_recentred,0.2208044846747471,0.6405587639370897,0.5697237905830279,0.06825126879768567
McKinney 2022,10,wildfirevuln_prior,0.29907401766099007,0.8048338156587964,0.5916084623949793,0.24387782234090477
McKinney 2022,10,wildfirevuln_live,0.24559623670104835,0.6849999139926486,0.5916084623949793,0.06340837395587051
McKinney 2022,10,gbm_graded_prior,0.24681729611755293,0.6885884365055511,0.6251644903330296,0.11411124609026668
McKinney 2022,10,gbm_graded_recentred,0.2481585095935904,0.6907709533954189,0.6251644903330296,0.11479172929790471
McKinney 2022,25,wildfirevuln_prior,0.2978604321148943,0.8027406413006939,0.5784117647058822,0.23423328667129573
McKinney 2022,25,wildfirevuln_live,0.25370285834366274,0.7039813535372699,0.5784117647058822,0.08962792317073875
McKinney 2022,25,gbm_graded_prior,0.2506250979209004,0.6968648663316092,0.6101764705882352,0.10604088042059401
McKinney 2022,25,gbm_graded_recentred,0.25487103078156603,0.7072201192825136,0.6101764705882352,0.12291989852021101
McKinney 2022,50,wildfirevuln_prior,0.3022421083055563,0.8141346270820999,0.5607778302629507,0.23938468506156246
McKinney 2022,50,wildfirevuln_live,0.2509327185075395,0.6952886507992733,0.5607778302629507,0.02166828582562852
McKinney 2022,50,gbm_graded_prior,0.25677686905268216,0.7111148534163274,0.5845536136041568,0.110863403880673
McKinney 2022,50,gbm_graded_recentred,0.24753807052800444,0.6877672063963564,0.5845536136041568,0.041512117712724894
McKinney 2022,100,wildfirevuln_prior,0.3258534074524949,0.8685197734652564,0.46555779569892475,0.26389575361388545
McKinney 2022,100,wildfirevuln_live,0.27007909905619215,0.7362499516564028,0.46555779569892475,0.04045441924235427
McKinney 2022,100,gbm_graded_prior,0.2745988690351289,0.7503490938222015,0.5246975806451613,0.13859037377005123
McKinney 2022,100,gbm_graded_recentred,0.25820435708446043,0.7110753423903514,0.5246975806451613,0.03487118968310299
Mill 2022,10,wildfirevuln_prior,0.20152108853195394,0.5878173703912122,0.7712510356255178,0.06182969579139114
Mill 2022,10,wildfirevuln_live,0.20352591290200292,0.5943722979586945,0.7712510356255178,0.11792938047273455
Mill 2022,10,gbm_graded_prior,0.20595810354863836,0.5994251140100159,0.7123446561723281,0.06796508281434471
Mill 2022,10,gbm_graded_recentred,0.22653887565716205,0.6433135054809574,0.7123446561723281,0.15672975175230275
Mill 2022,25,wildfirevuln_prior,0.20043883691447412,0.5857010902713802,0.7466137770897833,0.050370268849384114
Mill 2022,25,wildfirevuln_live,0.2089719387185307,0.6051510780509962,0.7466137770897833,0.13479638828970603
Mill 2022,25,gbm_graded_prior,0.20823237831023916,0.6041994937337656,0.6910797213622292,0.07874306730094793
Mill 2022,25,gbm_graded_recentred,0.229887088068928,0.650630035747345,0.6910797213622292,0.16529286276039962
Mill 2022,50,wildfirevuln_prior,0.18976473722780637,0.5617781470201494,0.7622887864823349,0.02836347152894947
Mill 2022,50,wildfirevuln_live,0.21007483561785373,0.6066692390745531,0.7622887864823349,0.17008054039638987
Mill 2022,50,gbm_graded_prior,0.20567276914471644,0.5985322724259516,0.6971326164874552,0.10090222014934108
Mill 2022,50,gbm_graded_recentred,0.23115923401023292,0.6533121635835513,0.6971326164874552,0.18713173819014095
Mill 2022,100,wildfirevuln_prior,0.17884253831437505,0.539275353115898,0.7129774986917844,0.016965296332239976
Mill 2022,100,wildfirevuln_live,0.20895835968672552,0.6046388062927864,0.7129774986917844,0.18736885565136197
Mill 2022,100,gbm_graded_prior,0.21472331316786053,0.6186679027227266,0.6293825222396652,0.1459439983718318
Mill 2022,100,gbm_graded_recentred,0.23444768474805433,0.6613051098296725,0.6293825222396652,0.20193365463937213
Mosquito 2022,10,wildfirevuln_prior,0.14539738993059287,0.4663365623336277,0.5914432176656151,0.1996136693059265
Mosquito 2022,10,wildfirevuln_live,0.18044439280742036,0.5422218721161648,0.5914432176656151,0.25967775435248563
Mosquito 2022,10,gbm_graded_prior,0.2076173975759678,0.6091660502840367,0.63596214511041,0.30506266495147744
Mosquito 2022,10,gbm_graded_recentred,0.21102042408427024,0.6170210303440237,0.63596214511041,0.310574044457174
Mosquito 2022,25,wildfirevuln_prior,0.13909427318017267,0.4524153344254676,0.6026772580170638,0.21404261745495037
Mosquito 2022,25,wildfirevuln_live,0.19430552785340444,0.5733021202350159,0.6026772580170638,0.302259297192664
Mosquito 2022,25,gbm_graded_prior,0.2063952701033853,0.6067018700106046,0.642885162302638,0.3208935929293505
Mosquito 2022,25,gbm_graded_recentred,0.22784193275039707,0.6560665720040043,0.642885162302638,0.3526784635496838
Mosquito 2022,50,wildfirevuln_prior,0.13652566306076241,0.4465574238290324,0.6169673751853683,0.22362485841032576
Mosquito 2022,50,wildfirevuln_live,0.14896493259568971,0.46934925536553657,0.6169673751853683,0.2337804125104483
Mosquito 2022,50,gbm_graded_prior,0.20828120710134865,0.6113712324373581,0.634515570934256,0.32997570890627526
Mosquito 2022,50,gbm_graded_recentred,0.16145957945444137,0.5013584017232067,0.634515570934256,0.2517610369255394
Mosquito 2022,100,wildfirevuln_prior,0.13048565280752236,0.43364999771252255,0.6212628290941543,0.24574936972491174
Mosquito 2022,100,wildfirevuln_live,0.11719355440883705,0.39414161668393316,0.6212628290941543,0.20310599050907685
Mosquito 2022,100,gbm_graded_prior,0.21076913005064704,0.6182237600728692,0.646921017402945,0.3559978972921197
Mosquito 2022,100,gbm_graded_recentred,0.1306570659202707,0.42717949397952426,0.646921017402945,0.22448754575658597
Mosquito 2022,200,wildfirevuln_prior,0.13101257877807979,0.43557349543134405,0.669127988748242,0.2715173832476752
Mosquito 2022,200,wildfirevuln_live,0.08151349241893241,0.30295074537896527,0.669127988748242,0.15268272832630878
Mosquito 2022,200,gbm_graded_prior,0.2274902538151587,0.6583210862646331,0.6912798874824191,0.3932161111504685
Mosquito 2022,200,gbm_graded_recentred,0.09529348016717329,0.331376752169987,0.6912798874824191,0.17242967965331113
Mountain 2024,10,wildfirevuln_prior,0.1413572206187125,0.4559188752574609,0.5774876015616757,0.12009581625195898
Mountain 2024,10,wildfirevuln_live,0.13426045763417183,0.4356969427419227,0.5774876015616757,0.0769041118355284
Mountain 2024,10,gbm_graded_prior,0.19387860210195726,0.5734856565965352,0.5784794766276248,0.2371760332099258
Mountain 2024,10,gbm_graded_recentred,0.14103361733632955,0.4537656179368658,0.5784794766276248,0.09704003388069057
Mountain 2024,25,wildfirevuln_prior,0.14187415492517122,0.45694356084539317,0.5793727253264825,0.11779420757377743
Mountain 2024,25,wildfirevuln_live,0.12850106184087148,0.43226609825626394,0.5793727253264825,0.04970143304975291
Mountain 2024,25,gbm_graded_prior,0.1943604125498419,0.5744988701315779,0.5779329907942625,0.23557287023539067
Mountain 2024,25,gbm_graded_recentred,0.1279086917235084,0.4360635888572386,0.5779329907942625,0.044332220013979504
Mountain 2024,50,wildfirevuln_prior,0.1424938447855563,0.45832616921480107,0.5760447224220955,0.11561577855116639
Mountain 2024,50,wildfirevuln_live,0.1316761156358883,0.45039444822267766,0.5760447224220955,0.06915395286641103
Mountain 2024,50,gbm_graded_prior,0.19501558502359323,0.5758323810966388,0.5744700282282615,0.23352128300773412
Mountain 2024,50,gbm_graded_recentred,0.1305933373869204,0.451421981383009,0.5744700282282615,0.0621115338536047
Mountain 2024,100,wildfirevuln_prior,0.14548899679311378,0.46486472075306356,0.5752867206147756,0.10922124189634363
Mountain 2024,100,wildfirevuln_live,0.1427960398105275,0.5201838473826079,0.5752867206147756,0.1083046311081223
Mountain 2024,100,gbm_graded_prior,0.19699569251917923,0.5799821035074499,0.5738720381906037,0.2276214016282878
Mountain 2024,100,gbm_graded_recentred,0.14235993115248907,0.5293517756011139,0.5738720381906037,0.10855750186672894
Mountain 2024,200,wildfirevuln_prior,0.15182753041001024,0.47892093516279977,0.5760959927258557,0.09413341936990385
Mountain 2024,200,wildfirevuln_live,0.162037167322962,0.6513142223606331,0.5760959927258557,0.14482792679436035
Mountain 2024,200,gbm_graded_prior,0.200866626987011,0.5885129737092414,0.5728551016431773,0.21389025138202697
Mountain 2024,200,gbm_graded_recentred,0.16213518868148646,0.6713754108244687,0.5728551016431773,0.14619309623130117
North Complex 2020,10,wildfirevuln_prior,0.35592653122483486,0.9239200305773918,0.6517569812104226,0.4321116398385121
North Complex 2020,10,wildfirevuln_live,0.4301721106507863,1.120165842186971,0.6517569812104226,0.5096858812146452
North Complex 2020,10,gbm_graded_prior,0.2814324708131239,0.7642734364588835,0.649764409379794,0.33023875742929654
North Complex 2020,10,gbm_graded_recentred,0.4450007952013668,1.1683460687880334,0.649764409379794,0.5223609540810666
North Complex 2020,25,wildfirevuln_prior,0.3557668299724061,0.9234908721613997,0.6531320207612763,0.432583337340117
North Complex 2020,25,wildfirevuln_live,0.23251540336744128,0.6579799709680043,0.6531320207612763,0.25129990058884977
North Complex 2020,25,gbm_graded_prior,0.28090930631518746,0.7630852401822883,0.6522838430959366,0.3306660975194725
North Complex 2020,25,gbm_graded_recentred,0.23177875980206528,0.6572905825355922,0.6522838430959366,0.2468572881001171
North Complex 2020,50,wildfirevuln_prior,0.35604323605778804,0.9240356653838916,0.6537279074117655,0.433386290733358
North Complex 2020,50,wildfirevuln_live,0.19408515203001656,0.5759310057224867,0.6537279074117655,0.16206733368740245
North Complex 2020,50,gbm_graded_prior,0.28103382861084597,0.7633734687659194,0.6523936025777954,0.3312413472633827
North Complex 2020,50,gbm_graded_recentred,0.19231103701823285,0.5726923895234386,0.6523936025777954,0.15225459226864124
North Complex 2020,100,wildfirevuln_prior,0.35640635056916575,0.9248277009187271,0.6572675152922067,0.4353355351256785
North Complex 2020,100,wildfirevuln_live,0.18074608196414152,0.5464817408787466,0.6572675152922067,0.12226867919505124
North Complex 2020,100,gbm_graded_prior,0.28116011022393916,0.763739623577787,0.6581124636680192,0.33386884138253664
North Complex 2020,100,gbm_graded_recentred,0.18396156003593123,0.5543083961353628,0.6581124636680192,0.12986065599311125
North Complex 2020,200,wildfirevuln_prior,0.3574078023881263,0.9270128611727421,0.6536750486996828,0.435528033665823
North Complex 2020,200,wildfirevuln_live,0.17007966297594687,0.5222395546932104,0.6536750486996828,0.06545312121436642
North Complex 2020,200,gbm_graded_prior,0.2815638456845544,0.7646561033042498,0.6594399180992194,0.3340452251757672
North Complex 2020,200,gbm_graded_recentred,0.1706412932420143,0.5242101959898325,0.6594399180992194,0.06594898804968186
Oak 2022,10,wildfirevuln_prior,0.1971784586443986,0.5795153089383356,0.6444243976254219,0.012133413085280154
Oak 2022,10,wildfirevuln_live,0.22135035550213578,0.6328000276072409,0.6444243976254219,0.15824001786418557
Oak 2022,10,gbm_graded_prior,0.20084878588719968,0.5909638703063338,0.653445466185543,0.09257895717428027
Oak 2022,10,gbm_graded_recentred,0.23377328338457584,0.6606118153446481,0.653445466185543,0.20100622626751452
Oak 2022,25,wildfirevuln_prior,0.19461551666723778,0.5733746026058557,0.6549565217391304,0.008231942320957752
Oak 2022,25,wildfirevuln_live,0.2104624605857105,0.6091877255894879,0.6549565217391304,0.13093844475653255
Oak 2022,25,gbm_graded_prior,0.19938002285851647,0.5878954298823438,0.6592569169960475,0.09683071251447528
Oak 2022,25,gbm_graded_recentred,0.21374092557361313,0.6185735948624308,0.6592569169960475,0.15230578728995947
Oak 2022,50,wildfirevuln_prior,0.19510674373786369,0.5748271254644021,0.6453488372093023,0.005118006911484507
Oak 2022,50,wildfirevuln_live,0.20426072817094174,0.595496216886069,0.6453488372093023,0.09938242498939687
Oak 2022,50,gbm_graded_prior,0.20122738398129603,0.5922287226264228,0.6486452220531768,0.09915683345285325
Oak 2022,50,gbm_graded_recentred,0.20077906925680508,0.5912613063776432,0.6486452220531768,0.09698048912668489
Oak 2022,100,wildfirevuln_prior,0.19535757372634083,0.5755482255753014,0.6368931565607332,0.0066463684232590525
Oak 2022,100,wildfirevuln_live,0.19632911080153337,0.5775028241369237,0.6368931565607332,0.03918715399232131
Oak 2022,100,gbm_graded_prior,0.20064681984087498,0.5912527237395377,0.6400126730356794,0.09339250436135133
Oak 2022,100,gbm_graded_recentred,0.19196036591022003,0.5723940251536256,0.6400126730356794,0.025938608958584353
Oak 2022,200,wildfirevuln_prior,0.20268786170445627,0.5922849853092256,0.6290843081887859,0.0207146427307357
Oak 2022,200,wildfirevuln_live,0.2015706487609198,0.5899678881410568,0.6290843081887859,0.004560094075101495
Oak 2022,200,gbm_graded_prior,0.20459136651412022,0.6000940614452283,0.6426986688180718,0.08165598628732229
Oak 2022,200,gbm_graded_recentred,0.1973268037243181,0.5848703312281665,0.6426986688180718,0.011702848575077307
Palisades 2025,10,wildfirevuln_prior,0.2540946421316355,0.702335534511564,0.7263690518581972,0.2045111748974784
Palisades 2025,10,wildfirevuln_live,0.24310853462735882,0.6840530995141261,0.7263690518581972,0.17760476451464402
Palisades 2025,10,gbm_graded_prior,0.25544557530608003,0.7168503037581875,0.6310956970458692,0.11981899507459859
Palisades 2025,10,gbm_graded_recentred,0.3236730085860473,0.9629734715231139,0.6310956970458692,0.2912149581597482
Palisades 2025,25,wildfirevuln_prior,0.2540117927053924,0.7021495878717792,0.7264823125850316,0.20434028286971978
Palisades 2025,25,wildfirevuln_live,0.22958111071647988,0.6508302535913725,0.7264823125850316,0.1406283737338625
Palisades 2025,25,gbm_graded_prior,0.25546624442532695,0.7169046176972694,0.6310512456660493,0.11974455155125246
Palisades 2025,25,gbm_graded_recentred,0.2627645565738024,0.7415376733990446,0.6310512456660493,0.1493478989026199
Palisades 2025,50,wildfirevuln_prior,0.25386198256948306,0.7018338031486094,0.7264928039786904,0.20395161763783004
Palisades 2025,50,wildfirevuln_live,0.2296795360920099,0.6513107806039211,0.7264928039786904,0.14136528642299173
Palisades 2025,50,gbm_graded_prior,0.2554000893844588,0.7167840583729589,0.6310468263217525,0.11934307053964416
Palisades 2025,50,gbm_graded_recentred,0.2609725983107085,0.736084668580377,0.6310468263217525,0.1426237881223753
Palisades 2025,100,wildfirevuln_prior,0.25352695864403096,0.7010796713886845,0.7271452830602912,0.20334853120755791
Palisades 2025,100,wildfirevuln_live,0.22665430886300164,0.6439578456458251,0.7271452830602912,0.13191336574879908
Palisades 2025,100,gbm_graded_prior,0.2551627507812116,0.7162522658735945,0.6315407534557228,0.11878831947822766
Palisades 2025,100,gbm_graded_recentred,0.25630599655351166,0.7223528841421786,0.6315407534557228,0.12434729311157455
Palisades 2025,200,wildfirevuln_prior,0.25304141092542937,0.7000378096577061,0.7277576034702751,0.20235244491677135
Palisades 2025,200,wildfirevuln_live,0.22229166047975685,0.633392673524126,0.7277576034702751,0.1162270484797494
Palisades 2025,200,gbm_graded_prior,0.2547828932177243,0.7154751530300537,0.6323881855631458,0.11803401792595702
Palisades 2025,200,gbm_graded_recentred,0.2504383768456227,0.7055160803538196,0.6323881855631458,0.09641053480507067
Park 2024,10,wildfirevuln_prior,0.23193931229193696,0.654149249905476,0.6276659810777458,0.07598531924445207
Park 2024,10,wildfirevuln_live,0.24507042122788192,0.6887173482177048,0.6276659810777458,0.1314761818888375
Park 2024,10,gbm_graded_prior,0.2188231796179233,0.6265761498265271,0.6634306869600988,0.027223240673936333
Park 2024,10,gbm_graded_recentred,0.22845449775737972,0.648412681690149,0.6634306869600988,0.09573709865061059
Park 2024,25,wildfirevuln_prior,0.23163333203593442,0.653242797980911,0.6273131089130333,0.0748924650573074
Park 2024,25,wildfirevuln_live,0.2274164610453135,0.6439567387028314,0.6273131089130333,0.002392182188564851
Park 2024,25,gbm_graded_prior,0.21899785146229822,0.6268898039567087,0.6620528440168484,0.028891855463178295
Park 2024,25,gbm_graded_recentred,0.2196146880102358,0.6284968933558884,0.6620528440168484,0.039246273302189216
Park 2024,50,wildfirevuln_prior,0.23120161780552798,0.652101135839933,0.6310745846588901,0.07537639288851533
Park 2024,50,wildfirevuln_live,0.22714980263349244,0.6430020403293574,0.6310745846588901,0.01176334396709322
Park 2024,50,gbm_graded_prior,0.21863299555169324,0.626050028285496,0.6646712619300106,0.027733392122954337
Park 2024,50,gbm_graded_recentred,0.21827878460686087,0.624443779058771,0.6646712619300106,0.008447713028093773
Park 2024,100,wildfirevuln_prior,0.23406924931808498,0.6583590282545343,0.630782024184886,0.08279131798998834
Park 2024,100,wildfirevuln_live,0.2376753305458443,0.6672216039052331,0.630782024184886,0.0913194804044834
Park 2024,100,gbm_graded_prior,0.22002591103255117,0.6291972315901511,0.664195049836573,0.019931811075628525
Park 2024,100,gbm_graded_recentred,0.2298039766411263,0.6508605968348851,0.664195049836573,0.09440891650343908
Park 2024,200,wildfirevuln_prior,0.23547165538482742,0.6611649898824509,0.6383149936372482,0.08773303422787865
Park 2024,200,wildfirevuln_live,0.23506008709679535,0.6602474195561683,0.6383149936372482,0.0733939029026599
Park 2024,200,gbm_graded_prior,0.21959281410303907,0.6282829122161172,0.671361535294558,0.016098624830040764
Park 2024,200,gbm_graded_recentred,0.2251215898626163,0.6391859179759614,0.671361535294558,0.0684659580103823
River 2021,10,wildfirevuln_prior,0.22126977752502,0.6331850747967404,0.5974080267558528,0.06525945654455623
River 2021,10,wildfirevuln_live,0.21783818118462714,0.624426502898647,0.5974080267558528,0.0207227596078568
River 2021,10,gbm_graded_prior,0.2184444688791329,0.6288480824466265,0.5948532144184318,0.03179313647766979
River 2021,10,gbm_graded_recentred,0.21724329384611818,0.6268061780545836,0.5948532144184318,0.011524406959455169
River 2021,25,wildfirevuln_prior,0.22816724762874022,0.6487931559158672,0.5888123145027416,0.0771284627431808
River 2021,25,wildfirevuln_live,0.23819013015759535,0.6770144897075326,0.5888123145027416,0.1232840726458147
River 2021,25,gbm_graded_prior,0.22409011029810766,0.6411325310782179,0.583052467427939,0.020730483124733523
River 2021,25,gbm_graded_recentred,0.2384614508852203,0.6891136513308198,0.583052467427939,0.13252122362389113
River 2021,50,wildfirevuln_prior,0.23992682678493163,0.6745532511356329,0.59943148857176,0.10655479841011362
River 2021,50,wildfirevuln_live,0.2900207870272982,0.8453729229104815,0.59943148857176,0.2453463190545719
River 2021,50,gbm_graded_prior,0.22934856009190424,0.652512278914607,0.5935723401786751,0.010608764036933449
River 2021,50,gbm_graded_recentred,0.2927836372683746,0.8773480875497166,0.5935723401786751,0.25572695143317903
River 2021,100,wildfirevuln_prior,0.2528527185906265,0.7024756201846415,0.6004240882103478,0.133686780514793
River 2021,100,wildfirevuln_live,0.28016595705525893,0.7829605920773601,0.6004240882103478,0.2104452218057405
River 2021,100,gbm_graded_prior,0.23928213830043496,0.6742295120518049,0.583206106870229,0.03720246488325896
River 2021,100,gbm_graded_recentred,0.2817092175516276,0.8050428886361966,0.583206106870229,0.21738230489102953
River 2021,200,wildfirevuln_prior,0.21602475343410435,0.6217451103956949,0.5953721075672295,0.045713664029418455
River 2021,200,wildfirevuln_live,0.21727835402020373,0.6231949000360641,0.5953721075672295,0.03878903253323218
River 2021,200,gbm_graded_prior,0.22452266794145018,0.6428287935170086,0.5489368355222014,0.04589470238642612
River 2021,200,gbm_graded_recentred,0.2223566229363535,0.6392121236883647,0.5489368355222014,0.023600168722696324
SCU Lightning Cmplx 2020,10,wildfirevuln_prior,0.1955496001160082,0.5749648603589324,0.6494267990618355,0.00576163722669748
SCU Lightning Cmplx 2020,10,wildfirevuln_live,0.23556230702322,0.7203097773026839,0.6494267990618355,0.19075899307748986
SCU Lightning Cmplx 2020,10,gbm_graded_prior,0.20140757184885674,0.5891215341868812,0.6742947326888933,0.10781849570070323
SCU Lightning Cmplx 2020,10,gbm_graded_recentred,0.24845546527023663,0.8155116761536139,0.6742947326888933,0.2266323936886238
SCU Lightning Cmplx 2020,25,wildfirevuln_prior,0.19683069455589688,0.5783767848430557,0.6409540933078037,0.003621284483140308
SCU Lightning Cmplx 2020,25,wildfirevuln_live,0.19963613266607,0.5849373929730155,0.6409540933078037,0.05010268657388489
SCU Lightning Cmplx 2020,25,gbm_graded_prior,0.203928121971324,0.5948982123575126,0.6664642973894364,0.11048684645390333
SCU Lightning Cmplx 2020,25,gbm_graded_recentred,0.19350178389279848,0.5733207673650695,0.6664642973894364,0.05114561646559562
SCU Lightning Cmplx 2020,50,wildfirevuln_prior,0.1981110591534917,0.5810878525175912,0.6424859021335204,0.005728557558292435
SCU Lightning Cmplx 2020,50,wildfirevuln_live,0.20026177135789877,0.5858634000001715,0.6424859021335204,0.042104219048511915
SCU Lightning Cmplx 2020,50,gbm_graded_prior,0.20315286175857836,0.5924406858426504,0.674618642966659,0.10888970739920217
SCU Lightning Cmplx 2020,50,gbm_graded_recentred,0.19296720064602857,0.569530549182657,0.674618642966659,0.04319907553900865
SCU Lightning Cmplx 2020,100,wildfirevuln_prior,0.19629381926548212,0.578143691241145,0.6309963099630995,0.004939400344799283
SCU Lightning Cmplx 2020,100,wildfirevuln_live,0.19843996299624422,0.5829507044107064,0.6309963099630995,0.03553053904703407
SCU Lightning Cmplx 2020,100,gbm_graded_prior,0.19983032090788275,0.5858842263161128,0.6768678695961271,0.11537541026927062
SCU Lightning Cmplx 2020,100,gbm_graded_recentred,0.18601757346084127,0.5546081046545681,0.6768678695961271,0.012736331458908734
SCU Lightning Cmplx 2020,200,wildfirevuln_prior,0.21057286431535127,0.6116627891035293,0.5876362336966232,0.011037479753441604
SCU Lightning Cmplx 2020,200,wildfirevuln_live,0.2128873926060003,0.6180465572659504,0.5876362336966232,0.016067626445887717
SCU Lightning Cmplx 2020,200,gbm_graded_prior,0.2131163499995141,0.6147874973948233,0.6434697159192425,0.10178238719489241
SCU Lightning Cmplx 2020,200,gbm_graded_recentred,0.20232219961218678,0.5930535374004005,0.6434697159192425,0.03084307197266789
SQF Complex 2020,10,wildfirevuln_prior,0.2133055166630816,0.6118898982126224,0.6736635380534585,0.07376585833000887
SQF Complex 2020,10,wildfirevuln_live,0.20702568239036567,0.5994148621477376,0.6736635380534585,0.03846991244232012
SQF Complex 2020,10,gbm_graded_prior,0.20250094875600588,0.5893968791399552,0.6777103312249202,0.0028755289196384926
SQF Complex 2020,10,gbm_graded_recentred,0.20394406045524477,0.5933762046523048,0.6777103312249202,0.040934673166162394
SQF Complex 2020,25,wildfirevuln_prior,0.21247458965548657,0.6096199677907518,0.6776861740510896,0.07239156012083192
SQF Complex 2020,25,wildfirevuln_live,0.20772795812247152,0.6013893347832402,0.6776861740510896,0.0572508221934922
SQF Complex 2020,25,gbm_graded_prior,0.20127393635515145,0.5865055951980711,0.685208904603839,0.0037438751886593735
SQF Complex 2020,25,gbm_graded_recentred,0.20233055038157394,0.5896257575281126,0.685208904603839,0.03625597813884568
SQF Complex 2020,50,wildfirevuln_prior,0.2084831374522037,0.6003237210380562,0.6875756475429677,0.06538003261021863
SQF Complex 2020,50,wildfirevuln_live,0.21145564465641506,0.6114133756349914,0.6875756475429677,0.1051536247607665
SQF Complex 2020,50,gbm_graded_prior,0.1978460076851127,0.5786167915414193,0.694111595255386,0.010420759380036226
SQF Complex 2020,50,gbm_graded_recentred,0.20473351216931238,0.5960428511334777,0.694111595255386,0.08713633658328002
SQF Complex 2020,100,wildfirevuln_prior,0.20386760643987062,0.5901144828364523,0.6882512403457622,0.056620324323722604
SQF Complex 2020,100,wildfirevuln_live,0.20648714772704518,0.5999976058157749,0.6882512403457622,0.0954495565043823
SQF Complex 2020,100,gbm_graded_prior,0.19667446588500764,0.5767500625656853,0.6859367807273284,0.020500540708633386
SQF Complex 2020,100,gbm_graded_recentred,0.20512935171213204,0.5971733366483533,0.6859367807273284,0.09562187896561986
SQF Complex 2020,200,wildfirevuln_prior,0.14550486954625114,0.460685677971482,0.7379148629148629,0.06498478723990692
SQF Complex 2020,200,wildfirevuln_live,0.2723403781118153,0.746780541082713,0.7379148629148629,0.364205511383386
SQF Complex 2020,200,gbm_graded_prior,0.15908557073208965,0.49374989680385584,0.731451418951419,0.14295777240161922
SQF Complex 2020,200,gbm_graded_recentred,0.2746093027909478,0.7505071314979451,0.731451418951419,0.366361361623423
Slater 2020,10,wildfirevuln_prior,0.3705002329522575,0.9528349338922071,0.5043572984749456,0.4468962528401858
Slater 2020,10,wildfirevuln_live,0.1693685179149868,0.5410682823351163,0.5043572984749456,0.061016462924817105
Slater 2020,10,gbm_graded_prior,0.2705404336739568,0.7386014565664873,0.5867498514557338,0.3030668520901457
Slater 2020,10,gbm_graded_recentred,0.18045337130894581,0.6432425646084393,0.5867498514557338,0.14593659906411316
Slater 2020,25,wildfirevuln_prior,0.36549587789777427,0.9417937982010768,0.5190217391304348,0.4372210259709736
Slater 2020,25,wildfirevuln_live,0.18114652605230372,0.5907977596872289,0.5190217391304348,0.11141204223714185
Slater 2020,25,gbm_graded_prior,0.2679194372786588,0.7330448382554762,0.592391304347826,0.2914720184828097
Slater 2020,25,gbm_graded_recentred,0.1868895358943742,0.6597267753926169,0.592391304347826,0.1519433918681371
Slater 2020,50,wildfirevuln_prior,0.35496865486312684,0.9188919694645077,0.5256377551020408,0.412391509162962
Slater 2020,50,wildfirevuln_live,0.20644119634813782,0.7004924459843084,0.5256377551020408,0.1650220211940101
Slater 2020,50,gbm_graded_prior,0.2630817698868009,0.7225870966270543,0.5983418367346939,0.2656845363417219
Slater 2020,50,gbm_graded_recentred,0.2096991873451572,0.7639184963876833,0.5983418367346939,0.18580689791427007
Slater 2020,100,wildfirevuln_prior,0.33966836394903566,0.8875544775181549,0.5167173252279635,0.3537426682972354
Slater 2020,100,wildfirevuln_live,0.2637527216591024,0.9065740936113538,0.5167173252279635,0.2355333247138348
Slater 2020,100,gbm_graded_prior,0.26603713061970113,0.7300087451211732,0.5884308510638298,0.21211270578032243
Slater 2020,100,gbm_graded_recentred,0.2645316631570623,0.960999799744576,0.5884308510638298,0.24664092323014275
Slater 2020,200,wildfirevuln_prior,0.3651256071697643,0.943727094364381,0.47965116279069764,0.3981686071694089
Slater 2020,200,wildfirevuln_live,0.20788627642848237,0.6288470466276652,0.47965116279069764,0.06799614442320556
Slater 2020,200,gbm_graded_prior,0.28245572693841986,0.7678265482202881,0.5813953488372092,0.27206758815498505
Slater 2020,200,gbm_graded_recentred,0.19571422011429077,0.610445524428772,0.5813953488372092,0.0658012204755718
Valley 2020,10,wildfirevuln_prior,0.10835016161547831,0.38766303492031284,0.7596899224806201,0.17980079637835905
Valley 2020,10,wildfirevuln_live,0.11556816936127096,0.4052428355328102,0.7596899224806202,0.203045321443801
Valley 2020,10,gbm_graded_prior,0.16532431136272144,0.5157370498605964,0.7349985644559287,0.28619479840305634
Valley 2020,10,gbm_graded_recentred,0.1239516329701114,0.41933208756031076,0.7349985644559287,0.20424338704934197
Valley 2020,25,wildfirevuln_prior,0.1046368821999708,0.37916245274780497,0.8138550135501355,0.18643525082497364
Valley 2020,25,wildfirevuln_live,0.0959917269074476,0.35511833380617885,0.8138550135501355,0.168036732605801
Valley 2020,25,gbm_graded_prior,0.16296739277133687,0.5097878811379718,0.7681233062330624,0.29336728781820814
Valley 2020,25,gbm_graded_recentred,0.10398817697880018,0.3671505753961002,0.7681233062330624,0.16857951356553386
Valley 2020,50,wildfirevuln_prior,0.10483083764045434,0.3798865062095668,0.8067602040816327,0.1912571790835154
Valley 2020,50,wildfirevuln_live,0.0804408726666567,0.3080222819533669,0.8067602040816327,0.11604308258214743
Valley 2020,50,gbm_graded_prior,0.16490554252767145,0.5141987781045575,0.7616921768707483,0.2988284369278206
Valley 2020,50,gbm_graded_recentred,0.08679069301553148,0.3170258583981074,0.7616921768707483,0.1152025460275953
Valley 2020,100,wildfirevuln_prior,0.11200368420147037,0.39514094952141393,0.8081554460864806,0.17055741570421457
Valley 2020,100,wildfirevuln_live,0.08554648521744614,0.29648835411264324,0.8081554460864806,0.0028824857760397504
Valley 2020,100,gbm_graded_prior,0.1694788243629385,0.5238494083758982,0.7538314176245211,0.2821123622172792
Valley 2020,100,gbm_graded_recentred,0.08978522830149153,0.307803904466958,0.7538314176245211,0.0014792436285675364
Valley 2020,200,wildfirevuln_prior,0.11344807301155804,0.39878308570500387,0.7788235294117647,0.1777425696748139
Valley 2020,200,wildfirevuln_live,0.08358730043635343,0.2935170037522371,0.7788235294117647,0.007395628269272758
Valley 2020,200,gbm_graded_prior,0.1691879542492179,0.5214484278934542,0.7023529411764705,0.28106627299086306
Valley 2020,200,gbm_graded_recentred,0.08753806831426107,0.3058567047855878,0.7023529411764705,8.703084528915994e-05
Woolsey 2018,10,wildfirevuln_prior,0.4245521992820627,1.0888815745938851,0.6962342507846557,0.524740759500326
Woolsey 2018,10,wildfirevuln_live,0.14196640022487783,0.4523741182651535,0.6962342507846557,0.007601997875578581
Woolsey 2018,10,gbm_graded_prior,0.35116024526513007,0.9272721349954954,0.6679971156982015,0.4352342909645882
Woolsey 2018,10,gbm_graded_recentred,0.16698501130338456,0.5667451711727858,0.6679971156982015,0.12951975051146658
Woolsey 2018,25,wildfirevuln_prior,0.42386335546948767,1.0875339424914612,0.6966474624271485,0.5234038688483236
Woolsey 2018,25,wildfirevuln_live,0.1472552235175695,0.46723079148881513,0.6966474624271485,0.059521627953238454
Woolsey 2018,25,gbm_graded_prior,0.3506330174385238,0.9262045420412327,0.6680401344296767,0.4337719146667933
Woolsey 2018,25,gbm_graded_recentred,0.16582541852776952,0.5547491107289297,0.6680401344296767,0.12346553808162675
Woolsey 2018,50,wildfirevuln_prior,0.422497579262431,1.0846656153123282,0.6959462412587412,0.5210351622627734
Woolsey 2018,50,wildfirevuln_live,0.15301219983415043,0.48699376024536156,0.6959462412587412,0.08501831688399408
Woolsey 2018,50,gbm_graded_prior,0.34980037706739464,0.9245547907334194,0.666834727772228,0.43128302824919024
Woolsey 2018,50,gbm_graded_recentred,0.16535428096573704,0.5464382066192581,0.666834727772228,0.11789048039930916
Woolsey 2018,100,wildfirevuln_prior,0.42152349910052983,1.0820709364527963,0.6979276354522362,0.5205634365036123
Woolsey 2018,100,wildfirevuln_live,0.14460288709789054,0.4596979174658868,0.6979276354522362,0.04190362941133585
Woolsey 2018,100,gbm_graded_prior,0.3487802997042083,0.9225573165398181,0.6644333798718229,0.42972028015700037
Woolsey 2018,100,gbm_graded_recentred,0.1530444143830575,0.48481624368100457,0.6644333798718229,0.055048295562199256
Woolsey 2018,200,wildfirevuln_prior,0.43649556955880275,1.1156784445640018,0.7008443530218434,0.5355305038259476
Woolsey 2018,200,wildfirevuln_live,0.14395729800586532,0.4616326150548597,0.7008443530218434,0.05296493512207057
Woolsey 2018,200,gbm_graded_prior,0.3654451988061967,0.9614242139913293,0.6592849446566755,0.4529031856856776
Woolsey 2018,200,gbm_graded_recentred,0.1544598693061741,0.4819644157711901,0.6592849446566755,0.05170274538320907
Zogg 2020,10,wildfirevuln_prior,0.22603525278552877,0.6400440854063892,0.6686923176914078,0.07916697720369348
Zogg 2020,10,wildfirevuln_live,0.21976602966274913,0.6285995791619118,0.6686923176914078,0.05592812717252843
Zogg 2020,10,gbm_graded_prior,0.2222488457588467,0.6339439778985615,0.6612504874561289,0.03216256926728528
Zogg 2020,10,gbm_graded_recentred,0.22425650244507947,0.6387388801719687,0.6612504874561289,0.05650599704891707
Zogg 2020,25,wildfirevuln_prior,0.23090332589237988,0.6502037357918576,0.6723451967592594,0.09320879958757083
Zogg 2020,25,wildfirevuln_live,0.23139240338456354,0.6512588674567594,0.6723451967592594,0.10345649811064561
Zogg 2020,25,gbm_graded_prior,0.22385442953867019,0.6374272573255088,0.6673177083333333,0.018293777143897294
Zogg 2020,25,gbm_graded_recentred,0.23737723664325314,0.6679467328975897,0.6673177083333333,0.11236699270640349
Zogg 2020,50,wildfirevuln_prior,0.24124371718711926,0.6739986507683438,0.6368444444444445,0.10482343158614083
Zogg 2020,50,wildfirevuln_live,0.24025704379340593,0.6725603820958898,0.6368444444444445,0.10280862810302549
Zogg 2020,50,gbm_graded_prior,0.2337620973627391,0.6592655982231748,0.634311111111111,0.007508232913685797
Zogg 2020,50,gbm_graded_recentred,0.24837375433151843,0.6941728184581436,0.634311111111111,0.12019236693034407
Zogg 2020,100,wildfirevuln_prior,0.25467500502079726,0.7031975598500981,0.6865605658709107,0.16095406303905596
Zogg 2020,100,wildfirevuln_live,0.2677213583661136,0.7374257111593914,0.6865605658709107,0.20279410052572017
Zogg 2020,100,gbm_graded_prior,0.23386181079941643,0.6605848970225473,0.6648983200707339,0.049530052286245074
Zogg 2020,100,gbm_graded_recentred,0.2773336893769489,0.765126901162699,0.6648983200707339,0.21094958254435864
Zogg 2020,200,wildfirevuln_prior,0.20746246250064165,0.5955937329646475,0.7439024390243902,0.06807230852300805
Zogg 2020,200,wildfirevuln_live,0.1936723368626312,0.5683319529349716,0.7439024390243902,0.01597499634246452
Zogg 2020,200,gbm_graded_prior,0.18987635248507032,0.5627358559066927,0.7820121951219511,0.04871266579260103
Zogg 2020,200,gbm_graded_recentred,0.18864946318921355,0.5588359853527456,0.7820121951219511,0.0255154268409723
