event,rate,pred,lo80,hi80,n,tau
Airport 2024,0.5405405405405406,0.30936341083292,0.05210583934174215,0.664570213493043,222,1.4702532705848619
BEU Lightning Cmplx 2020,0.16112531969309463,0.26483296585853977,0.03554576759913903,0.6131876156808161,391,1.5062982215178407
Beckwourth 2021,0.37722419928825623,0.2831449816254339,0.04583701396917564,0.6185168232405623,281,1.4743865267130922
Borel 2024,0.49673202614379086,0.3311913472167795,0.05829417145411454,0.695313769892803,306,1.4928095789052924
Bridge 2024,0.08433734939759036,0.28533681504099095,0.0434013880099616,0.6324149839913334,498,1.504629857991894
CZU Lightning Cmplx 2020,0.2771658231616553,0.27988007435623447,0.04196755437665907,0.6277060745557825,3359,1.473617963610644
Caldor 2021,0.2334723049434187,0.2854166908708748,0.04561777581963427,0.6258336692046246,3358,1.4850152480900738
Camp 2018,0.7962984054669704,0.3313850919891342,0.06594579311212004,0.6807380413147357,17560,1.4515295936992203
Carr 2018,0.8492935635792779,0.30020607303279373,0.04839339281765039,0.655640880084219,1274,1.4764672378052113
Creek 2020,0.2541313086199196,0.2810434796524645,0.040143907008401744,0.6360094984512064,2239,1.5161362035068242
Dixie 2021,0.33940242763772177,0.2992430058050811,0.05116191287800591,0.6420846310625489,2142,1.5033409426272377
Eaton 2025,0.5018050541516246,0.5091872728971372,0.16406180799233716,0.8452007084223854,12188,1.4922316466958265
Fawn 2021,0.21739130434782608,0.32002041578765333,0.053242563631318816,0.6840229630646367,414,1.5017146736411997
Glass 2020,0.2561788936837976,0.2734574136656771,0.04171261526105803,0.6096229500580227,2549,1.4724064817891631
Kincade 2019,0.15473032714412024,0.2808609643843094,0.040114333894685814,0.6363287186231738,1131,1.5043165599167418
LNU Lightning Cmplx 2020,0.2884333821376281,0.29137092214918153,0.046585606508467735,0.6421817412899687,2732,1.5046096703482876
McKinney 2022,0.5592417061611374,0.30663043872515633,0.05162900427225085,0.6597847410779739,211,1.477544345970393
Mill 2022,0.38396624472573837,0.309116629798748,0.05214497008761612,0.6618620275445116,237,1.4900951796270416
Mosquito 2022,0.11956521739130435,0.30681462279589394,0.054897553319762406,0.6502231010103752,368,1.4738490988259678
Mountain 2024,0.1461847389558233,0.2613801844085642,0.03691294936837599,0.5944732099806431,1245,1.5038710186915607
North Complex 2020,0.7664821338701561,0.3326710334014286,0.059334172039571025,0.6956972669333671,1987,1.4912457911837722
Oak 2022,0.3036144578313253,0.28471127603284696,0.04261758305487394,0.6344021901640594,415,1.5055893287259812
Palisades 2025,0.5631893149853283,0.3518496692141883,0.0716183767473006,0.7056142327833597,9883,1.4931424028322555
Park 2024,0.37130434782608696,0.29234213800612435,0.046485560901209026,0.639994935220549,1150,1.4973536130636755
River 2021,0.3364485981308411,0.2660127356242971,0.037586287099246815,0.6077247554269429,321,1.490426596538581
SCU Lightning Cmplx 2020,0.28482328482328484,0.2830946724344182,0.04302829245660185,0.6295820077661376,481,1.503525395658396
SQF Complex 2020,0.32827324478178366,0.24983255598509194,0.03448547836381769,0.5765541678372887,527,1.49619538443056
Slater 2020,0.803088803088803,0.34425118996383064,0.060742928362347175,0.7182535203522373,259,1.5024800852102003
Valley 2020,0.1016949152542373,0.27396256161784377,0.03891674079133365,0.6241526500326455,295,1.487553002368671
Woolsey 2018,0.8079783637592968,0.27910259490902517,0.04990948220050707,0.6071468065191938,1479,1.4781360291127186
Zogg 2020,0.38721804511278196,0.30157300450165936,0.049704985008136124,0.6519351346361207,266,1.4748656135243539
