level,field,value,field_name,value_name,reference,beta_full,lo90,hi90,odds_ratio,beta_complete,se_complete,beta_standing,se_standing,prior_sign,grade,credit_p30,credit_p30_lo,credit_p30_hi,n_level
struct=mobile,struct,mobile,Structure type,Manufactured / mobile home,"Single-family, one storey",0.8488547707172626,0.6728376570610575,0.9753501988091829,2.33696895353641,0.8123637686397099,0.08308933328694657,-0.16532623419059694,0.11982945769777739,0,supported,-0.667964091679639,-0.7732313731093441,-0.5216507904304859,8578
struct=motorhome,struct,motorhome,Structure type,Motor home / trailer,"Single-family, one storey",2.158501826235087,1.4098734437550235,2.71339558184769,8.658156513944714,1.0664226979655933,0.1390323387478882,0.15643152024968313,0.19591026710452608,0,supported,-1.625715177301112,-1.8866870176262611,-1.123494236264238,1810
struct=multi,struct,multi,Structure type,Multi-family,"Single-family, one storey",0.040691307943978024,-0.38049119359105427,0.32579374833224756,1.0415305437112932,0.013690309004858466,0.13956116397154888,0.4113121814839544,0.11780136891591057,0,contested,-0.028713632763724073,-0.24166863099629943,0.24477124250621007,2003
struct=sfr_2,struct,sfr_2,Structure type,"Single-family, multi-storey","Single-family, one storey",-0.2622537445847193,-0.35770164068839216,-0.18312440408237365,0.7693157892233223,-0.22541357067731319,0.04893036877519142,0.01427545256111634,0.051441241396760595,0,supported,0.173485024318629,0.12332584139440994,0.2313765757042131,24096
era=1990_2007,era,1990_2007,Year built,1990–2007,Before 1990,-0.19611222243982446,-0.29598727198267055,0.0670660680308549,0.8219199916356119,-0.15014439984540193,0.06298655725053012,0.12500599191091258,0.06673184670470046,-1,contested,0.1316914924797663,-0.04756643884074441,0.19427427524703578,10502
era=post2008,era,post2008,Year built,2008 or later (Chapter 7A),Before 1990,-0.7191507619680949,-0.8819387060976882,-0.39480057258224793,0.4871658000616838,-0.6922808222560103,0.1297302143911324,-0.14580311194847742,0.1257683864246345,-1,supported,0.42425580601014,0.2530968855810798,0.4977158089628375,2524
roof=metal,roof,metal,Roof covering,Metal,Asphalt shingle,-0.17666927902441484,-0.39421410041032084,0.2714208304782167,0.8380569016923612,0.07508241486254369,0.06359937946957984,-0.27131840484538494,0.07963983682735641,-1,contested,0.11914876485751325,-0.19960613260568283,0.252756944247851,11035
roof=tile,roof,tile,Roof covering,Tile / concrete,Asphalt shingle,-0.258618190271427,-0.4846947216167561,-0.05298777878787378,0.7721177688474652,-0.10951206721859963,0.0647379921125544,-0.10534016962039432,0.0621485176949963,-1,contested,0.17122317773710172,0.03669399342051649,0.3039001340215125,10002
roof=wood,roof,wood,Roof covering,Wood shake / combustible,Asphalt shingle,0.3920102618789149,0.12175712848072293,0.8955740555443115,1.479952898421808,0.5733211737781627,0.2124309143052147,0.34807249509551724,0.26936148756985645,1,supported,-0.29368110030442196,-0.7068890177801537,-0.08724681621621122,549
eaves=enclosed,eaves,enclosed,Eaves,Enclosed (boxed),Open / unenclosed,-0.3551828498539597,-0.47764537942982094,-0.20763298330264515,0.7010452454677075,-0.4253043302290521,0.052863860810976625,-0.0008402472213787945,0.053603426252438684,-1,supported,0.22988598020762008,0.1390687726666351,0.3000098572146497,11545
eaves=none,eaves,none,Eaves,No eaves,Open / unenclosed,0.5290358991022495,0.3237973910742398,0.7511342721316535,1.6972951557716687,0.2909762031769334,0.07088374173370865,0.048054095736410014,0.07670835383607033,-1,contested,-0.40366459834534973,-0.5865920406915477,-0.24011357288910462,7067
vents=fine,vents,fine,Vent screening,Mesh ≤ 1/8″,Mesh > 1/8″,-0.305154924568438,-0.45903501819596815,-0.224833939882333,0.7370091847165859,-0.39233926223627597,0.05023093029745592,-0.14217649451426262,0.057735430630657135,-1,supported,0.19986214308462447,0.15000704618419236,0.289662889280936,15150
vents=none,vents,none,Vent screening,No vents,Mesh > 1/8″,-1.03535312505472,-1.2319014929469787,-0.831667014820607,0.35510096373502864,-1.012254610139203,0.061951352647488425,-0.043179268008478495,0.059974390263203364,-1,supported,0.5597177582477986,0.4758913829118251,0.6295498893310381,10784
vents=open,vents,open,Vent screening,Unscreened,Mesh > 1/8″,-0.3043559202851077,-0.9396878410278083,0.7185012268206187,0.7375982935309203,-0.4342425385101082,0.12270453234925205,-0.2608769501618525,0.14733633548588948,1,contested,0.19937619029735476,-0.559484264669418,0.5218577231995575,1466
siding=noncomb,siding,noncomb,Exterior siding,"Stucco, brick, cement, metal",Wood / vinyl,0.3766236757271296,0.17680973605449452,0.713701144700688,1.4573557678133124,0.5569888938217674,0.04673717105180801,0.3274776084667958,0.054586171166620956,-1,contested,-0.2815222851982919,-0.5555013617258511,-0.12795850070262604,35398
windows=multi,windows,multi,Window glazing,Multi-pane,Single-pane,-0.4731158601919214,-0.7438129397706037,-0.36568466532156635,0.6230578793901772,-0.6271210154561403,0.044368006050424125,0.27843643040695976,0.051209778680977334,-1,contested,0.29750176870063283,0.23608749040629684,0.43590775824967865,33424
deck=none,deck,none,Elevated deck,None or masonry,Wood / composite,0.2828282848807194,0.16812750471881982,0.40944748859348234,1.326877297360444,0.5038810236747421,0.04844372762175851,-0.10377750613710204,0.054326456117349035,-1,consumed,-0.20837972750668388,-0.30751100551783095,-0.12148831920472514,42025
patio=noncomb,patio,noncomb,Attached patio cover,Non-combustible,Combustible,-0.5569617020100556,-0.7674030408198462,-0.36473902089098964,0.5729472063596904,-0.5880101337634073,0.08495922577432986,0.0935008046064393,0.08176063297013285,-1,consumed,0.3428631561491673,0.23553051093024135,0.44687674065723426,4794
patio=none,patio,none,Attached patio cover,None,Combustible,-0.033384183812081254,-0.10213155409947228,0.05081594623490918,0.9671669183307222,-0.014484885902477755,0.04365397716457263,0.10135620559854393,0.04932645388897986,-1,consumed,0.023211791562917083,-0.03592858024508927,0.07000138063612582,33355
fence=noncomb,fence,noncomb,Attached fence,Non-combustible,Combustible,0.673414352429527,0.4993269284103799,0.770030662991503,1.960921179611333,0.5507537411266066,0.05984875936104529,-0.0881128830790462,0.0591148073323578,-1,consumed,-0.5221277435546361,-0.6023093512612239,-0.3795818370569244,17956
fence=none,fence,none,Attached fence,None,Combustible,0.9384473973587267,0.7607966566502968,1.1159950896980342,2.5560098683348786,0.7296970679907059,0.056531139090266094,-0.2529782141322628,0.05875117694262571,-1,consumed,-0.742572068072991,-0.8892434958274671,-0.5946272439495157,33755
